LATITUDE,LONGITUDE,CRASH DATE,CRASH TIME,NUMBER OF PERSONS INJURED,NUMBER OF PERSONS KILLED,CONTRIBUTING FACTOR VEHICLE 1,ON STREET NAME,CROSS STREET NAME,OFF STREET NAME,BOROUGH,SEVERITY
40.62179,-73.970024,1/11/2023,1:29,1,0,Unspecified,OCEAN PARKWAY,AVENUE K,,BROOKLYN,1
40.667202,-73.8665,11/9/2021,9:35,0,0,Unspecified,,,1211      LORING AVENUE,BROOKLYN,0
40.683304,-73.917274,12/14/2021,8:13,0,0,,SARATOGA AVENUE,DECATUR STREET,,BROOKLYN,0
40.709183,-73.956825,12/14/2021,17:05,0,0,Passing Too Closely,BROOKLYN QUEENS EXPRESSWAY,,,,0
40.86816,-73.83148,12/14/2021,8:17,2,0,Unspecified,,,344       BAYCHESTER AVENUE,BRONX,2
40.67172,-73.8971,12/14/2021,21:10,0,0,Driver Inexperience,,,2047      PITKIN AVENUE,BROOKLYN,0
40.75144,-73.97397,12/14/2021,14:58,0,0,Passing Too Closely,3 AVENUE,EAST 43 STREET,,MANHATTAN,0
40.701275,-73.88887,12/13/2021,0:34,0,0,Passing or Lane Usage Improper,MYRTLE AVENUE,,,,0
40.675884,-73.75577,12/14/2021,16:50,0,0,Turning Improperly,SPRINGFIELD BOULEVARD,EAST GATE PLAZA,,QUEENS,0
40.59662,-74.00231,12/14/2021,0:59,0,0,Unsafe Speed,BELT PARKWAY,,,,0
40.66684,-73.78941,12/14/2021,23:10,2,0,Reaction to Uninvolved Vehicle,NORTH CONDUIT AVENUE,150 STREET,,QUEENS,2
40.68158,-73.97463,12/14/2021,17:58,0,0,Passing Too Closely,,,480       DEAN STREET,BROOKLYN,0
40.65068,-73.95881,12/14/2021,20:03,4,0,Steering Failure,,,878       FLATBUSH AVENUE,BROOKLYN,4
40.87262,-73.904686,11/12/2021,19:43,1,0,Unspecified,WEST KINGSBRIDGE ROAD,HEATH AVENUE,,BRONX,1
40.783268,-73.82485,12/14/2021,14:30,0,0,Following Too Closely,WHITESTONE EXPRESSWAY,,,,0
40.748917,-73.993546,11/12/2021,4:45,0,0,Following Too Closely,,,232       WEST 30 STREET,MANHATTAN,0
40.744644,-73.77041,12/14/2021,5:46,1,0,Other Vehicular,LONG ISLAND EXPRESSWAY,,,,1
40.75373,-73.88505,12/13/2021,6:30,0,0,Unspecified,82 STREET,34 AVENUE,,QUEENS,0
40.804375,-73.93742,12/14/2021,3:43,1,0,Unspecified,LEXINGTON AVENUE,,,,1
40.63165,-74.08762,12/13/2021,17:40,1,0,Unspecified,VICTORY BOULEVARD,WOODSTOCK AVENUE,,STATEN ISLAND,1
40.623104,-73.95809,12/14/2021,17:31,1,0,Unspecified,EAST 18 STREET,AVENUE K,,BROOKLYN,1
40.66576,-73.9845,12/14/2021,20:13,0,0,Passing Too Closely,,,366       12 STREET,BROOKLYN,0
40.687534,-73.9775,12/14/2021,12:54,1,0,Unspecified,FULTON STREET,SAINT FELIX STREET,,BROOKLYN,1
40.710957,-73.951126,12/14/2021,17:15,1,0,Passing or Lane Usage Improper,GRAND STREET,UNION AVENUE,,BROOKLYN,1
40.81813,-73.910126,12/14/2021,22:49,0,0,Driver Inattention/Distraction,,,713       EAGLE AVENUE,BRONX,0
40.70447,-73.90148,12/12/2021,9:00,0,0,Passing Too Closely,,,59-14     67 AVENUE,QUEENS,0
40.784615,-73.953964,12/14/2021,16:25,1,0,Driver Inattention/Distraction,EAST 93 STREET,,,,1
40.698257,-73.82632,09/22/2022,16:16,1,0,Passing or Lane Usage Improper,123 STREET,89 AVENUE,,QUEENS,1
40.663303,-73.96049,12/7/2022,17:50,0,0,Oversized Vehicle,,,44        EMPIRE BOULEVARD,BROOKLYN,0
40.720535,-73.88885,9/7/2021,0:43,0,1,Unspecified,ELIOT AVENUE,,,,5
40.607685,-74.13892,04/24/2022,16:45,1,0,Driver Inattention/Distraction,STATEN ISLAND EXPRESSWAY,,,,1
40.855972,-73.869896,04/24/2022,4:49,0,0,Unspecified,BOSTON ROAD,BRONX PARK EAST,,,0
40.790276,-73.9396,04/22/2022,17:17,1,0,Traffic Control Disregarded,EAST 107 STREET,,,,1
40.642986,-74.01621,04/24/2022,1:30,0,0,Unspecified,,,5610      4 AVENUE,BROOKLYN,0
0.0,0.0,04/24/2022,6:00,0,0,Unsafe Lane Changing,,,116-44    234 STREET,QUEENS,0
40.843906,-73.92413,04/24/2022,21:40,0,0,Alcohol Involvement,BOSCOBEL PLACE,UNIVERSITY AVENUE,,BRONX,0
40.89481,-73.86183,04/24/2022,17:45,0,0,Driver Inattention/Distraction,BRONX RIVER PARKWAY,EAST 233 STREET,,BRONX,0
0.0,0.0,04/15/2022,6:11,1,0,Driver Inattention/Distraction,EAST 162 STREET,,,,1
40.85169,-73.95238,04/24/2022,9:51,0,0,Unspecified,CROSS BRONX EXPY,,,,0
40.861862,-73.91275,04/24/2022,0:00,0,0,Driver Inattention/Distraction,MAJOR DEEGAN EXPRESSWAY,WEST FORDHAM ROAD,,BRONX,0
40.666256,-73.900215,8/3/2022,20:00,0,0,Unspecified,,,360       SNEDIKER AVENUE,BROOKLYN,0
40.767242,-73.986206,04/24/2022,15:35,1,0,View Obstructed/Limited,WEST 56 STREET,9 AVENUE,,MANHATTAN,1
40.62417,-73.97048,04/22/2022,12:00,1,0,Unspecified,AVENUE J,OCEAN PARKWAY,,BROOKLYN,1
40.679955,-73.97491,04/24/2022,13:10,0,0,Turning Improperly,SAINT MARKS AVENUE,6 AVENUE,,,0
40.692356,-73.94282,04/24/2022,4:20,1,0,Traffic Control Disregarded,THROOP AVENUE,DE KALB AVENUE,,BROOKLYN,1
40.78291,-73.98578,04/20/2022,19:37,0,0,Driver Inexperience,HENRY HUDSON PARKWAY,,,,0
40.67308,-73.91124,04/24/2022,16:14,0,0,Unspecified,ROCKAWAY AVENUE,,,,0
40.65011,-73.930214,12/4/2022,19:56,1,0,Failure to Yield Right-of-Way,UTICA AVENUE,SNYDER AVENUE,,BROOKLYN,1
40.638382,-74.03668,04/24/2022,0:30,1,0,Driver Inattention/Distraction,BELT PARKWAY,,,,1
40.69261,-73.81143,04/24/2022,20:13,0,0,Aggressive Driving/Road Rage,,,102-24    VANWYCK EXPRESSWAY,QUEENS,0
40.745235,-73.937706,04/24/2022,15:21,1,0,Driver Inattention/Distraction,THOMSON AVENUE,SKILLMAN AVENUE,,QUEENS,1
40.758705,-73.93793,04/24/2022,21:00,1,0,Driver Inattention/Distraction,21 STREET,37 AVENUE,,QUEENS,1
40.695156,-73.845406,04/24/2022,21:40,0,0,Reaction to Uninvolved Vehicle,JAMAICA AVENUE,102 STREET,,QUEENS,0
40.748158,-73.97033,7/4/2022,14:14,0,0,Driver Inattention/Distraction,1 AVENUE,EAST 41 STREET,,MANHATTAN,0
40.609535,-73.75372,06/29/2021,17:35,0,0,Passing or Lane Usage Improper,BEACH CHANNEL DRIVE,,,,0
40.59207,-73.96299,9/12/2021,20:20,1,0,Driver Inattention/Distraction,EAST 7 STREET,CRAWFORD AVENUE,,BROOKLYN,1
40.850018,-73.9107,9/12/2021,14:50,0,0,Unspecified,WEST 177 STREET,,,,0
40.653023,-73.73895,9/12/2021,2:45,1,0,Alcohol Involvement,149 AVENUE,HUXLEY STREET,,QUEENS,1
40.62573,-73.9564,6/12/2021,22:16,0,0,Unsafe Speed,AVENUE J,,,,0
40.665375,-73.934235,4/12/2021,12:00,0,0,Driver Inattention/Distraction,CROWN STREET,SCHENECTADY AVENUE,,BROOKLYN,0
40.776237,-73.943825,8/12/2021,16:20,0,0,Failure to Yield Right-of-Way,EAST END AVENUE,EAST 88 STREET,,MANHATTAN,0
40.640835,-73.98967,9/12/2021,23:15,1,0,Driver Inattention/Distraction,12 AVENUE,41 STREET,,BROOKLYN,1
40.593636,-73.797264,1/12/2021,14:34,0,0,Unsafe Speed,,,437       BEACH 68 STREET,QUEENS,0
40.674263,-73.80453,10/12/2021,7:00,0,0,Passing or Lane Usage Improper,,,122-42    134 STREET,QUEENS,0
40.70476,-73.96491,7/12/2021,9:20,0,0,Steering Failure,TAYLOR STREET,,,,0
40.569626,-74.190735,9/12/2021,8:00,0,0,Following Too Closely,WEST SHORE EXPRESSWAY,,,,0
40.698463,-73.960205,7/12/2021,17:08,0,0,Following Too Closely,FLUSHING AVENUE,KENT AVENUE,,BROOKLYN,0
40.658413,-73.9171,5/12/2021,8:20,0,0,Unspecified,,,393       ROCKAWAY PARKWAY,BROOKLYN,0
40.76175,-73.96899,8/12/2021,19:30,1,0,Following Too Closely,,,127       EAST 58 STREET,MANHATTAN,1
40.736614,-73.9951,8/12/2021,12:00,1,0,Passing or Lane Usage Improper,,,44        WEST 14 STREET,MANHATTAN,1
40.62121,-74.12385,8/12/2021,22:37,0,0,Pavement Slippery,,,288       MANOR ROAD,STATEN ISLAND,0
40.873737,-73.90593,8/12/2021,17:56,0,0,Unspecified,MAJOR DEEGAN EXPRESSWAY,,,,0
40.66718,-73.95076,7/12/2021,7:50,0,0,Driver Inattention/Distraction,CARROLL STREET,,,,0
40.754295,-73.93946,8/12/2021,0:44,0,0,View Obstructed/Limited,23 STREET,40 AVENUE,,QUEENS,0
40.588116,-73.97261,8/12/2021,15:00,0,0,Passing Too Closely,AVENUE Y,,,,0
40.854935,-73.85822,10/12/2021,11:00,0,0,Oversized Vehicle,,,2123      LURTING AVENUE,BRONX,0
40.662575,-73.93448,10/12/2021,1:10,0,0,Driver Inattention/Distraction,SCHENECTADY AVENUE,,,,0
40.7448,-73.953415,9/12/2021,0:00,1,0,Unspecified,47 ROAD,,,,1
40.79672,-73.97618,8/12/2021,18:36,0,0,Passing or Lane Usage Improper,HENRY HUDSON PARKWAY,,,,0
40.752777,-73.70743,9/12/2021,20:30,0,0,Illnes,,,269-01    76 AVENUE,QUEENS,0
40.638523,-73.92607,9/12/2021,10:13,2,0,Traffic Control Disregarded,KINGS HIGHWAY,FARRAGUT ROAD,,BROOKLYN,2
40.637833,-74.08193,03/26/2022,14:00,0,0,Driver Inattention/Distraction,CORSON AVENUE,WESTERVELT AVENUE,,STATEN ISLAND,0
40.797836,-73.96946,03/26/2022,1:02,1,0,Traffic Control Disregarded,WEST 101 STREET,BROADWAY,,MANHATTAN,1
40.734375,-73.87342,03/26/2022,16:02,1,0,Lost Consciousness,QUEENS BOULEVARD,57 AVENUE,,QUEENS,1
40.699947,-73.736626,03/26/2022,16:05,1,0,Following Too Closely,115 AVENUE,221 STREET,,QUEENS,1
40.75632,-73.999275,03/21/2022,12:05,1,0,Following Too Closely,,,515       WEST 36 STREET,MANHATTAN,1
40.69614,-73.81789,03/26/2022,5:13,0,0,Failure to Yield Right-of-Way,131 STREET,ATLANTIC AVENUE,,QUEENS,0
40.631687,-73.9205,03/26/2022,17:42,0,0,Driver Inattention/Distraction,,,935       EAST 58 STREET,BROOKLYN,0
40.88839,-73.84666,03/26/2022,12:18,2,0,Failure to Yield Right-of-Way,LACONIA AVENUE,EAST 231 STREET,,BRONX,2
40.844425,-73.8639,03/26/2022,20:10,0,0,Unspecified,,,1706      HOLLAND AVENUE,BRONX,0
40.833965,-73.8629,03/26/2022,15:45,2,0,Alcohol Involvement,WHITE PLAINS ROAD,CROSS BRONX EXPRESSWAY,,BRONX,2
40.705738,-73.944695,03/26/2022,17:55,0,0,Driver Inattention/Distraction,MANHATTAN AVENUE,BOERUM STREET,,BROOKLYN,0
40.637905,-73.8878,03/26/2022,0:50,0,0,Unsafe Speed,AVENUE N,EAST 102 STREET,,BROOKLYN,0
40.635063,-73.94788,03/26/2022,14:05,1,0,Unsafe Speed,,,2067      NOSTRAND AVENUE,BROOKLYN,1
40.804153,-73.91304,03/26/2022,9:30,0,0,Unspecified,BRUCKNER BOULEVARD,EAST 137 STREET,,,0
40.676403,-73.96287,10/3/2022,8:30,4,0,Other Vehicular,PROSPECT PLACE,GRAND AVENUE,,BROOKLYN,4
40.829777,-73.85055,03/24/2022,23:00,1,0,Unspecified,WATSON AVENUE,CASTLE HILL AVENUE,,BRONX,1
40.613926,-74.030174,03/26/2022,7:36,0,0,Brakes Defective,FORT HAMILTON PARKWAY,97 STREET,,BROOKLYN,0
40.635563,-73.89577,03/26/2022,11:50,2,0,Failure to Yield Right-of-Way,EAST 94 STREET,AVENUE M,,BROOKLYN,2
40.675167,-73.825264,03/26/2022,17:42,0,0,Passing Too Closely,114 STREET,SUTTER AVENUE,,QUEENS,0
40.761486,-73.96061,03/26/2022,1:45,0,0,Driver Inattention/Distraction,EAST 62 STREET,1 AVENUE,,MANHATTAN,0
40.712284,-73.964005,03/26/2022,17:00,0,0,Passing or Lane Usage Improper,,,98        SOUTH 4 STREET,BROOKLYN,0
40.70546,-73.7949,02/25/2022,11:48,0,0,Following Too Closely,JAMAICA AVENUE,165 STREET,,QUEENS,0
40.74967,-73.99531,03/26/2022,22:51,1,0,Failure to Yield Right-of-Way,WEST 30 STREET,,,,1
40.833786,-73.94037,03/26/2022,8:21,0,0,Driver Inattention/Distraction,SAINT NICHOLAS AVENUE,WEST 159 STREET,,MANHATTAN,0
40.67794,-73.8023,03/17/2022,8:00,1,0,Traffic Control Disregarded,139 STREET,,,,1
40.637985,-74.0076,03/26/2022,10:30,0,0,Backing Unsafely,,,736       56 STREET,BROOKLYN,0
40.835037,-73.93979,03/26/2022,13:48,1,0,,,,1016      SAINT NICHOLAS AVENUE,MANHATTAN,1
40.9046,-73.852936,03/25/2022,9:56,0,0,Driver Inattention/Distraction,EAST 241 STREET,,,,0
40.742508,-73.91788,03/26/2022,23:45,1,0,Driver Inattention/Distraction,47 STREET,GREENPOINT AVENUE,,QUEENS,1
40.67046,-73.88788,03/26/2022,16:00,1,0,Driver Inattention/Distraction,SUTTER AVENUE,SCHENCK AVENUE,,BROOKLYN,1
40.72224,-73.9863,03/26/2022,23:17,1,0,Following Too Closely,ESSEX STREET,EAST HOUSTON STREET,,MANHATTAN,1
40.67639,-73.97189,03/23/2022,9:00,1,0,Traffic Control Disregarded,FLATBUSH AVENUE,,,,1
40.88893,-73.86579,03/26/2022,5:00,0,0,Following Too Closely,BRONX RIVER PARKWAY,,,,0
40.80118,-73.93975,03/25/2022,6:15,1,0,Traffic Control Disregarded,EAST 120 STREET,,,,1
40.757668,-73.95915,03/26/2022,21:50,1,0,Driver Inattention/Distraction,FDR DRIVE,,,,1
40.668896,-73.95339,03/26/2022,21:25,0,0,Driver Inattention/Distraction,,,200       ROGERS AVENUE,BROOKLYN,0
40.63654,-73.97707,03/25/2022,18:13,2,0,Unspecified,,,604       EAST 2 STREET,BROOKLYN,2
40.831055,-73.905846,03/26/2022,20:10,1,0,Unspecified,EAST 168 STREET,3 AVENUE,,BRONX,1
40.85868,-73.89922,03/25/2022,12:55,0,0,Passing Too Closely,GRAND CONCOURSE,,,,0
40.62466,-74.17856,03/23/2022,11:00,0,0,Driver Inattention/Distraction,GULF AVENUE,,,,0
40.63947,-73.902756,03/26/2022,3:05,1,0,Unspecified,AVENUE J,EAST 92 STREET,,BROOKLYN,1
40.86173,-73.91182,03/26/2022,4:34,1,0,Unspecified,WEST FORDHAM ROAD,CEDAR AVENUE,,BRONX,1
40.69538,-73.985115,03/26/2022,19:56,0,0,Unspecified,,,11        METROTECH CENTER,BROOKLYN,0
40.63063,-74.00923,03/26/2022,12:40,0,0,Unspecified,65 STREET,FORT HAMILTON PARKWAY,,BROOKLYN,0
40.82707,-73.87075,03/26/2022,1:58,0,0,Turning Improperly,,,1670      WATSON AVENUE,BRONX,0
40.60548,-73.93922,03/26/2022,19:56,0,0,Unspecified,GERRITSEN AVENUE,AVENUE S,,,0
40.692593,-73.91551,03/26/2022,0:30,0,0,Unspecified,MADISON STREET,CENTRAL AVENUE,,BROOKLYN,0
40.680664,-73.902626,03/26/2022,20:05,0,0,Driver Inattention/Distraction,BUSHWICK AVENUE,CONWAY STREET,,BROOKLYN,0
40.645718,-73.95002,03/26/2022,17:54,4,0,Passing Too Closely,,,168       EAST 29 STREET,BROOKLYN,4
40.68327,-73.95016,03/25/2022,17:55,0,0,Traffic Control Disregarded,NOSTRAND AVENUE,,,,0
40.84036,-73.91807,12/12/2021,9:09,0,1,Unspecified,JEROME AVENUE,,,,5
40.577652,-73.96344,03/26/2022,16:35,0,0,Driver Inattention/Distraction,,,3071      BRIGHTON 4 STREET,BROOKLYN,0
40.730145,-73.99781,03/26/2022,19:50,1,0,Passenger Distraction,,,60        WASHINGTON SQUARE SOUTH,MANHATTAN,1
40.67478,-73.806206,03/26/2022,13:19,0,0,Failure to Yield Right-of-Way,ROCKAWAY BOULEVARD,132 STREET,,QUEENS,0
40.624622,-73.97598,03/25/2022,8:45,2,0,Unspecified,,,1175      MC DONALD AVENUE,BROOKLYN,2
40.67271,-73.97089,03/26/2022,10:10,0,0,Passing or Lane Usage Improper,UNION STREET,PLAZA STREET WEST,,BROOKLYN,0
40.7314,-73.926094,03/26/2022,11:45,1,0,Reaction to Uninvolved Vehicle,BROOKLYN QUEENS EXPRESSWAY,,,,1
40.632786,-74.13712,03/25/2022,14:35,1,0,Failure to Yield Right-of-Way,PORT RICHMOND AVENUE,HATFIELD PLACE,,,1
40.596733,-74.07045,03/26/2022,14:30,0,0,Backing Unsafely,MCCLEAN AVENUE,SAND LANE,,STATEN ISLAND,0
40.617645,-73.92092,03/26/2022,19:00,0,0,Backing Unsafely,,,1549      EAST 56 STREET,BROOKLYN,0
40.68651,-73.98378,03/26/2022,16:40,2,0,Passing or Lane Usage Improper,,,436       ATLANTIC AVENUE,BROOKLYN,2
40.69831,-73.9498,03/24/2022,18:05,0,0,Driver Inattention/Distraction,MARCY AVENUE,ELLERY STREET,,BROOKLYN,0
40.692455,-73.76814,03/26/2022,3:35,1,0,Reaction to Uninvolved Vehicle,179 STREET,,,,1
40.778805,-73.974075,03/20/2022,10:34,1,0,Backing Unsafely,WEST 76 STREET,CENTRAL PARK WEST,,MANHATTAN,1
40.747894,-73.989174,03/26/2022,14:54,0,0,Passing or Lane Usage Improper,AVENUE OF THE AMERICAS,WEST 31 STREET,,MANHATTAN,0
40.83578,-73.871445,03/25/2022,6:35,0,0,Following Too Closely,,,1700      CROSS BRONX EXPRESSWAY,BRONX,0
40.61763,-74.133575,03/25/2022,14:00,0,0,Driver Inattention/Distraction,LEONARD AVENUE,FISKE AVENUE,,,0
40.731407,-73.99698,03/21/2022,19:13,1,0,Driver Inattention/Distraction,WASHINGTON SQUARE NORTH,,,,1
40.60784,-73.961975,03/26/2022,5:02,0,0,Fell Asleep,CONEY ISLAND AVENUE,QUENTIN ROAD,,BROOKLYN,0
40.752563,-73.74328,03/25/2022,9:45,0,0,Unspecified,CROSS ISLAND PARKWAY,,,,0
40.67848,-73.98232,03/26/2022,22:54,0,0,Failure to Yield Right-of-Way,,,177       4 AVENUE,BROOKLYN,0
40.629475,-74.004166,03/26/2022,21:00,0,0,Driver Inattention/Distraction,,,1115      63 STREET,BROOKLYN,0
40.668797,-73.93113,03/26/2022,17:29,1,0,Driver Inattention/Distraction,EASTERN PARKWAY,UTICA AVENUE,,BROOKLYN,1
40.754707,-73.99164,03/26/2022,2:10,1,0,Failure to Yield Right-of-Way,WEST 38 STREET,8 AVENUE,,MANHATTAN,1
40.85713,-73.8808,03/25/2022,0:00,0,0,Driver Inattention/Distraction,EAST FORDHAM ROAD,SOUTHERN BOULEVARD,,BRONX,0
40.857418,-73.89996,03/26/2022,4:00,0,0,Unsafe Speed,GRAND CONCOURSE,EAST 183 STREET,,BRONX,0
40.702972,-73.888054,03/26/2022,4:34,0,0,Unsafe Speed,CENTRAL AVENUE,66 PLACE,,QUEENS,0
40.786366,-73.97598,9/3/2022,11:56,1,0,Failure to Yield Right-of-Way,WEST 84 STREET,,,,1
40.624474,-74.00668,03/26/2022,14:41,0,0,Passing or Lane Usage Improper,70 STREET,12 AVENUE,,BROOKLYN,0
40.76532,-73.771904,03/26/2022,18:00,0,0,Unspecified,39 AVENUE,BELL BOULEVARD,,QUEENS,0
40.597683,-73.96686,03/26/2022,13:30,0,0,Driver Inattention/Distraction,AVENUE U,,,,0
40.609768,-74.06969,03/26/2022,13:20,1,0,Traffic Control Disregarded,SAINT JOHNS AVENUE,TOMPKINS AVENUE,,STATEN ISLAND,1
40.798286,-73.938705,03/25/2022,21:35,0,0,Following Too Closely,,,231       EAST 117 STREET,MANHATTAN,0
40.776764,-73.848015,03/23/2022,21:00,0,0,Unspecified,,,25-03     120 STREET,QUEENS,0
40.747498,-73.91309,03/26/2022,12:00,0,0,Unspecified,,,39-34     51 STREET,QUEENS,0
40.701637,-73.942276,03/26/2022,13:28,1,0,Following Too Closely,GRAHAM AVENUE,DEBEVOISE STREET,,BROOKLYN,1
40.69349,-73.826546,03/26/2022,19:12,0,0,Unsafe Speed,,,94-39     120 STREET,QUEENS,0
40.726463,-73.85943,03/26/2022,21:29,1,0,Unsafe Speed,WETHEROLE STREET,65 ROAD,,QUEENS,1
40.856434,-73.886826,03/25/2022,13:21,1,0,Driver Inattention/Distraction,EAST 188 STREET,ARTHUR AVENUE,,BRONX,1
40.87151,-73.87057,03/22/2022,8:20,1,0,Turning Improperly,BURKE AVENUE,BRONX PARK EAST,,BRONX,1
40.68686,-73.96758,03/26/2022,22:30,0,0,Passing or Lane Usage Improper,,,386       CLINTON AVENUE,BROOKLYN,0
40.624763,-73.96518,03/26/2022,11:20,1,0,Alcohol Involvement,CONEY ISLAND AVENUE,,,,1
40.678417,-73.729225,03/26/2022,18:17,0,0,Passing or Lane Usage Improper,130 AVENUE,BROOKVILLE BOULEVARD,,QUEENS,0
40.692596,-73.79078,03/14/2022,10:30,0,0,Unspecified,,,160-18    110 AVENUE,QUEENS,0
40.734486,-73.891754,03/26/2022,1:30,0,0,Driver Inattention/Distraction,CALAMUS AVENUE,72 STREET,,,0
40.88399,-73.82641,03/26/2022,3:23,1,0,Following Too Closely,,,2291      NEW ENGLAND THRUWAY,BRONX,1
40.683872,-73.95998,03/26/2022,1:45,0,0,Driver Inattention/Distraction,,,41        IRVING PLACE,BROOKLYN,0
40.799484,-73.92929,5/3/2022,14:52,0,0,Unspecified,,,30        PALADINO AVENUE,MANHATTAN,0
40.70839,-74.00482,03/26/2022,20:27,0,0,Passing or Lane Usage Improper,FULTON STREET,,,,0
40.766502,-73.99418,03/26/2022,18:19,0,0,Unspecified,WEST 51 STREET,11 AVENUE,,MANHATTAN,0
40.676304,-73.816284,03/26/2022,23:00,0,0,Alcohol Involvement,,,115-36    122 STREET,QUEENS,0
40.66447,-73.89593,03/26/2022,18:00,0,0,Unsafe Speed,GEORGIA AVENUE,LIVONIA AVENUE,,BROOKLYN,0
40.709835,-74.014885,03/23/2022,20:40,0,0,Unsafe Speed,WEST STREET,,,,0
40.585342,-73.94157,04/24/2022,11:45,0,0,Driver Inattention/Distraction,BELT PARKWAY,,,,0
40.746395,-73.9856,11/9/2021,12:01,0,0,Passing or Lane Usage Improper,,,3         EAST 31 STREET,MANHATTAN,0
40.617004,-73.96912,10/9/2021,11:00,0,0,Unspecified,OCEAN PARKWAY,AVENUE M,,BROOKLYN,0
40.718662,-74.00615,11/9/2021,20:15,0,0,Unspecified,,,116       FRANKLIN STREET,MANHATTAN,0
40.680664,-73.97028,9/9/2021,8:15,0,0,Backing Unsafely,,,590       DEAN STREET,BROOKLYN,0
40.67392,-73.91012,10/12/2021,23:07,0,0,Unspecified,BERGEN STREET,EASTERN PARKWAY,,BROOKLYN,0
40.806835,-73.924355,10/12/2021,21:50,0,0,Other Vehicular,MAJOR DEEGAN EXPRESSWAY,,,,0
40.627735,-73.920105,11/27/2021,5:40,0,0,Unspecified,,,1100      EAST 58 STREET,BROOKLYN,0
0.0,0.0,9/12/2021,5:15,1,0,Traffic Control Disregarded,ROCKAWAY BOULEVARD,VANWYCK EXPRESSWAY,,,1
40.661263,-73.955765,8/12/2021,12:58,0,0,Unspecified,,,203       LINCOLN ROAD,BROOKLYN,0
40.844883,-73.907295,8/12/2021,17:50,0,0,Following Too Closely,CROSS BRONX EXPY,,,,0
40.76104,-73.88162,10/12/2021,4:30,0,0,Driver Inattention/Distraction,,,30-27     87 STREET,QUEENS,0
40.669777,-73.9583,10/12/2021,21:22,1,0,Failure to Yield Right-of-Way,FRANKLIN AVENUE,,,,1
40.839443,-73.90436,10/12/2021,8:30,0,0,Unsafe Lane Changing,,,425       CLAREMONT PARKWAY,BRONX,0
40.75245,-73.94507,10/12/2021,12:15,0,0,Driver Inattention/Distraction,13 STREET,QUEENS PLAZA SOUTH,,QUEENS,0
40.687748,-73.980125,8/12/2021,14:38,0,0,Passing Too Closely,,,25        FLATBUSH AVENUE,BROOKLYN,0
40.87356,-73.81853,3/12/2021,13:40,0,0,Unspecified,HUTCHINSON RIVER PARKWAY,,,,0
40.8176,-73.90373,10/12/2021,8:50,1,0,Other Vehicular,,,800       EAST 156 STREET,BRONX,1
40.638428,-73.91275,9/12/2021,19:45,0,0,Unspecified,GLENWOOD ROAD,EAST 83 STREET,,BROOKLYN,0
40.813885,-73.95211,10/12/2021,16:07,0,0,Unspecified,,,416       WEST 129 STREET,MANHATTAN,0
40.77733,-73.95456,10/12/2021,21:20,0,0,Unsafe Speed,,,204       EAST 84 STREET,MANHATTAN,0
40.713135,-74.00407,10/12/2021,23:16,0,0,Failure to Yield Right-of-Way,CHAMBERS STREET,,,,0
40.775486,-73.98217,9/12/2021,17:21,2,0,Driver Inattention/Distraction,BROADWAY,,,,2
40.591137,-73.97752,9/12/2021,7:30,0,0,Unspecified,BOYNTON PLACE,WEST 7 STREET,,BROOKLYN,0
40.865536,-73.92728,11/24/2021,23:58,1,0,Pedestrian/Bicyclist/Other Pedestrian Error/Confusion,BROADWAY,,,,1
40.76551,-73.97795,9/12/2021,17:00,1,0,Following Too Closely,,,140       WEST 58 STREET,MANHATTAN,1
40.63311,-73.97217,8/12/2021,8:15,0,0,Unspecified,OCEAN PARKWAY,18 AVENUE,,BROOKLYN,0
40.823772,-73.87245,11/9/2021,2:20,1,0,Alcohol Involvement,BRONX RIVER PARKWAY,,,,1
40.84497,-73.90247,9/7/2021,12:00,0,0,Passing Too Closely,ITTNER PLACE,,,,0
40.675507,-74.00075,10/9/2021,14:50,0,0,Unspecified,BROOKLYN QUEENS EXPRESSWAY,,,,0
40.609535,-73.75372,1/7/2021,17:45,0,0,Passing or Lane Usage Improper,BEACH CHANNEL DRIVE,HORTON AVENUE,,QUEENS,0
40.730446,-74.00431,7/7/2021,13:45,0,0,Driver Inexperience,LEROY STREET,BEDFORD STREET,,MANHATTAN,0
40.721645,-73.8026,11/9/2021,12:00,0,0,Unspecified,,,80-25     165 STREET,QUEENS,0
40.853477,-73.82622,7/7/2021,17:30,0,0,Unspecified,BRUCKNER EXPRESSWAY,,,,0
40.66901,-73.80265,11/9/2021,2:55,0,0,Alcohol Involvement,135 PLACE,133 AVENUE,,QUEENS,0
40.629475,-74.1123,11/9/2021,17:15,1,0,Unspecified,,,694       FOREST AVENUE,STATEN ISLAND,1
40.6843,-73.99724,3/9/2021,17:14,0,0,Passing Too Closely,CLINTON STREET,DE GRAW STREET,,BROOKLYN,0
40.767612,-73.950005,8/7/2021,12:30,0,0,Following Too Closely,FDR DRIVE,,,,0
40.80066,-73.9544,08/23/2021,11:50,1,0,Driver Inattention/Distraction,7 AVENUE,,,,1
40.87645,-73.848175,11/9/2021,21:34,0,0,Turning Improperly,BOSTON ROAD,FENTON AVENUE,,BRONX,0
40.737865,-73.876144,11/9/2021,11:30,0,0,Passing or Lane Usage Improper,,,87-46     52 AVENUE,QUEENS,0
40.764103,-73.93277,6/9/2021,10:34,1,0,Reaction to Uninvolved Vehicle,21 STREET,33 ROAD,,,1
40.66735,-73.76994,8/7/2021,15:56,1,0,Other Vehicular,BELT PARKWAY,,,,1
40.824265,-73.95642,7/7/2021,23:06,0,0,Passing Too Closely,HENRY HUDSON PARKWAY,,,,0
40.702045,-73.9156,11/9/2021,6:51,0,0,Backing Unsafely,GREENE AVENUE,,,,0
40.85306,-73.931,7/9/2021,12:30,1,0,Driver Inattention/Distraction,SAINT NICHOLAS AVENUE,,,,1
0.0,0.0,11/9/2021,4:10,0,0,Unspecified,WEST 181 STREET,FORT WASHINGTON AVENUE,,MANHATTAN,0
40.697315,-73.932274,8/7/2021,9:25,0,0,Turning Improperly,BUSHWICK AVENUE,,,,0
40.679344,-73.859535,11/9/2021,6:40,0,0,Passing Too Closely,LIBERTY AVENUE,,,,0
40.708923,-73.81877,11/9/2021,17:35,0,0,Unspecified,,,137-65    QUEENS BOULEVARD,QUEENS,0
40.60203,-74.09572,8/7/2021,17:17,1,0,Lost Consciousness,ROME AVENUE,UPTON STREET,,STATEN ISLAND,1
40.693787,-73.81173,10/9/2021,3:00,1,0,Unsafe Speed,VAN WYCK EXPWY,,,,1
40.826767,-73.888855,11/9/2021,5:59,0,0,Unspecified,EAST 167 STREET,BRYANT AVENUE,,BRONX,0
40.56692,-74.116234,9/9/2021,11:39,1,0,Passing or Lane Usage Improper,CLAWSON STREET,PRINCETON AVENUE,,STATEN ISLAND,1
40.623913,-74.00726,11/9/2021,17:40,0,0,Driver Inattention/Distraction,12 AVENUE,71 STREET,,BROOKLYN,0
40.592422,-73.99508,11/9/2021,22:15,0,0,Following Too Closely,BELT PARKWAY,,,,0
40.6783,-73.88988,11/9/2021,7:15,0,0,Unspecified,FULTON STREET,SCHENCK AVENUE,,BROOKLYN,0
40.748962,-73.89176,10/9/2021,17:00,0,0,Driver Inattention/Distraction,74 STREET,37 AVENUE,,QUEENS,0
40.631508,-73.90506,8/7/2021,11:33,0,0,Driver Inexperience,,,1222      EAST 83 STREET,BROOKLYN,0
40.677322,-73.790955,11/9/2021,21:48,0,0,Alcohol Involvement,SUTPHIN BOULEVARD,,,,0
40.57666,-73.965836,03/26/2022,10:30,0,0,Following Too Closely,BRIGHTON BEACH AVENUE,,,,0
40.804585,-73.94782,11/9/2021,19:00,1,0,Traffic Control Disregarded,WEST 120 STREET,,,,1
40.832916,-73.92939,11/9/2021,22:23,0,0,Following Too Closely,OGDEN AVENUE,WEST 164 STREET,,BRONX,0
40.722515,-73.73332,11/9/2021,15:00,1,0,Unspecified,222 STREET,93 ROAD,,QUEENS,1
40.692127,-73.83484,10/9/2021,10:20,2,0,Failure to Yield Right-of-Way,ATLANTIC AVENUE,111 STREET,,QUEENS,2
40.807537,-73.8798,11/9/2021,0:00,0,0,Traffic Control Disregarded,HALLECK STREET,VIELE AVENUE,,BRONX,0
40.878128,-73.86944,6/7/2021,15:01,0,0,Other Vehicular,BRONX BOULEVARD,EAST GUN HILL ROAD,,BRONX,0
40.75777,-73.854164,9/7/2021,4:00,0,0,Driver Inattention/Distraction,GRAND CENTRAL PKWY,,,,0
40.6569,-73.907486,10/9/2021,8:45,0,0,Unspecified,,,940       ROCKAWAY AVENUE,BROOKLYN,0
40.845024,-73.92632,11/9/2021,11:51,1,0,Driver Inattention/Distraction,CROSS BRONX EXPY,,,,1
40.817795,-73.89319,11/9/2021,18:50,1,0,Unspecified,BRUCKNER BOULEVARD,TIFFANY STREET,,BRONX,1
40.81915,-73.93062,2/7/2021,7:10,1,0,Driver Inexperience,MAJOR DEEGAN EXPRESSWAY,,,,1
40.591778,-74.12734,6/9/2021,13:26,0,0,Backing Unsafely,,,1466      MANOR ROAD,STATEN ISLAND,0
40.753994,-73.94244,11/9/2021,5:30,1,0,Following Too Closely,21 STREET,41 AVENUE,,QUEENS,1
40.724846,-73.999,11/9/2021,12:55,1,0,Passing or Lane Usage Improper,,,101       PRINCE STREET,MANHATTAN,1
40.822933,-73.93813,9/7/2021,12:30,0,0,Other Vehicular,WEST 147 STREET,,,,0
40.680477,-73.951164,11/9/2021,13:00,1,0,Driver Inattention/Distraction,FULTON STREET,,,,1
40.648243,-73.929,11/9/2021,15:00,0,0,Backing Unsafely,TILDEN AVENUE,EAST 51 STREET,,BROOKLYN,0
40.64366,-73.90067,8/7/2021,15:30,1,0,Driver Inattention/Distraction,ROCKAWAY PARKWAY,FLATLANDS AVENUE,,BROOKLYN,1
40.6843,-73.94121,9/7/2021,11:15,0,0,Passing Too Closely,JEFFERSON AVENUE,,,,0
40.602425,-74.091354,2/9/2021,10:45,1,0,Lost Consciousness,TARGEE STREET,,,,1
40.662037,-73.95077,7/9/2021,17:35,1,0,Driver Inattention/Distraction,,,1065      NOSTRAND AVENUE,BROOKLYN,1
40.68164,-73.98568,11/9/2021,19:08,0,0,Following Too Closely,NEVINS STREET,BUTLER STREET,,BROOKLYN,0
40.781315,-73.94614,11/9/2021,10:25,0,0,Backing Unsafely,1 AVENUE,EAST 93 STREET,,MANHATTAN,0
40.74498,-73.89325,11/9/2021,14:00,0,0,Unspecified,72 STREET,41 AVENUE,,,0
40.6117,-74.13918,08/29/2021,0:12,1,0,Driver Inattention/Distraction,VICTORY BOULEVARD,HARVEY AVENUE,,,1
40.616295,-73.92991,11/9/2021,23:48,0,0,Unsafe Speed,FLATBUSH AVENUE,AVENUE O,,BROOKLYN,0
40.78322,-73.84586,11/9/2021,1:45,0,0,Failure to Yield Right-of-Way,18 AVENUE,COLLEGE POINT BOULEVARD,,QUEENS,0
40.87122,-73.83709,8/7/2021,17:13,0,0,Driver Inattention/Distraction,,,1851      ADEE AVENUE,BRONX,0
40.680077,-73.852684,9/9/2021,11:39,0,0,Failure to Yield Right-of-Way,86 STREET,103 AVENUE,,QUEENS,0
40.843384,-73.88987,6/7/2021,19:00,0,0,Driver Inattention/Distraction,,,1908      PROSPECT AVENUE,BRONX,0
40.680023,-73.794624,11/9/2021,17:19,0,0,Passing Too Closely,146 STREET,,,,0
40.72937,-73.955444,6/7/2021,18:00,0,0,Obstruction/Debris,,,133       MILTON STREET,BROOKLYN,0
40.683754,-73.88565,5/7/2021,17:20,0,0,Driver Inexperience,ELTON STREET,JAMAICA AVENUE,,BROOKLYN,0
40.70413,-73.76984,11/9/2021,9:10,0,0,Turning Improperly,DUNLOP AVENUE,,,,0
40.609985,-73.96239,11/9/2021,21:45,0,0,Unspecified,AVENUE P,CONEY ISLAND AVENUE,,BROOKLYN,0
40.673676,-73.86576,9/7/2021,6:51,1,0,View Obstructed/Limited,SUTTER AVENUE,SHERIDAN AVENUE,,BROOKLYN,1
40.751442,-73.97606,11/9/2021,21:00,1,0,Unspecified,LEXINGTON AVENUE,EAST 42 STREET,,MANHATTAN,1
40.86514,-73.801544,8/7/2021,14:30,1,0,Unspecified,,,1         ORCHARD BEACH ROAD,BRONX,1
40.72218,-73.84406,11/9/2021,18:38,0,0,Passing or Lane Usage Improper,,,70-31     108 STREET,QUEENS,0
40.797924,-73.9296,11/9/2021,15:28,0,0,Unspecified,,,90        PALADINO AVENUE,MANHATTAN,0
40.626373,-73.99754,5/9/2021,16:40,0,0,Driver Inattention/Distraction,62 STREET,,,,0
40.883133,-73.882095,11/9/2021,5:26,1,0,Lost Consciousness,WEST GUN HILL ROAD,,,,1
40.90222,-73.85589,11/9/2021,12:30,0,0,Aggressive Driving/Road Rage,,,4526      BRONX BOULEVARD,BRONX,0
40.72717,-73.78739,10/9/2021,12:10,0,0,Backing Unsafely,UNION TURNPIKE,181 STREET,,QUEENS,0
40.600792,-73.76711,06/26/2021,10:30,0,0,Unspecified,,,31-29     DWIGHT AVENUE,QUEENS,0
40.84434,-73.91475,1/7/2021,21:00,0,0,Unsafe Lane Changing,JEROME AVENUE,,,,0
40.67922,-73.90405,04/16/2021,17:55,0,0,Unspecified,BROADWAY,CONWAY STREET,,BROOKLYN,0
40.802982,-73.93815,11/9/2021,13:10,0,0,Driver Inattention/Distraction,,,129       EAST 123 STREET,MANHATTAN,0
40.731544,-73.955315,4/7/2021,0:58,1,0,Driver Inattention/Distraction,,,145       JAVA STREET,BROOKLYN,1
40.683323,-73.80648,11/9/2021,2:38,1,0,Unsafe Speed,,,111-48    VANWYCK EXPRESSWAY,QUEENS,1
40.732006,-73.95795,4/7/2021,21:00,1,0,Alcohol Involvement,FRANKLIN STREET,INDIA STREET,,BROOKLYN,1
40.6544,-73.92044,11/9/2021,18:00,1,0,Failure to Yield Right-of-Way,LINDEN BOULEVARD,EAST 91 STREET,,BROOKLYN,1
40.589592,-73.786385,2/7/2021,16:45,0,0,Unsafe Speed,,,57-07     SHORE FRONT PARKWAY,QUEENS,0
40.736164,-73.97891,11/9/2021,15:10,0,0,Traffic Control Disregarded,EAST 22 STREET,,,,0
40.59723,-73.76237,3/7/2021,10:18,1,0,Failure to Yield Right-of-Way,DEERFIELD ROAD,BEACH 29 STREET,,QUEENS,1
40.67393,-73.999954,11/9/2021,14:40,2,0,Driver Inattention/Distraction,HAMILTON AVENUE,COURT STREET,,BROOKLYN,2
40.840153,-73.88572,11/9/2021,2:00,0,0,Unsafe Speed,CROSS BRONX EXPY,,,,0
40.599503,-74.067116,11/9/2021,23:00,0,0,Unspecified,HASTINGS STREET,,,,0
40.822456,-73.868065,4/7/2021,8:00,0,0,Unspecified,,,851       NOBLE AVENUE,BRONX,0
40.59841,-73.97592,11/9/2021,15:30,0,0,Driver Inattention/Distraction,,,2014      WEST 4 STREET,BROOKLYN,0
40.697083,-73.85476,11/9/2021,14:30,0,0,Passing Too Closely,,,84-22     91 STREET,QUEENS,0
40.896385,-73.87246,8/7/2021,6:00,0,0,Turning Improperly,,,4203      ONEIDA AVENUE,BRONX,0
40.695637,-73.80372,11/8/2021,0:01,0,0,Unsafe Speed,105 AVENUE,,,,0
40.69982,-73.996254,11/9/2021,9:30,0,0,Passing Too Closely,BROOKLYN QUEENS EXPRESSWAY,,,,0
40.590313,-74.09794,11/9/2021,16:40,0,0,Passing or Lane Usage Improper,JEFFERSON STREET,,,,0
40.787544,-73.82394,11/9/2021,18:05,0,0,Failure to Yield Right-of-Way,WHITESTONE EXPRESSWAY,,,,0
40.67539,-73.88113,11/9/2021,2:00,0,0,Driver Inattention/Distraction,SHEPHERD AVENUE,GLENMORE AVENUE,,BROOKLYN,0
40.634007,-74.07516,7/9/2021,8:03,1,0,Driver Inattention/Distraction,,,331       BAY STREET,STATEN ISLAND,1
40.73844,-73.88628,11/9/2021,13:53,0,0,Backing Unsafely,,,77-00     QUEENS BOULEVARD,QUEENS,0
40.60855,-74.13216,8/7/2021,11:50,2,0,Driver Inattention/Distraction,BRADLEY AVENUE,NORTH GANNON AVENUE,,,2
40.58573,-74.16865,11/9/2021,14:00,0,0,Driver Inattention/Distraction,,,2505      RICHMOND AVENUE,,0
40.599907,-73.94664,11/9/2021,7:09,1,0,Unspecified,BEDFORD AVENUE,AVENUE U,,BROOKLYN,1
40.806713,-73.93782,8/7/2021,15:40,0,0,Driver Inexperience,,,1871      PARK AVENUE,MANHATTAN,0
40.748318,-73.87742,7/9/2021,3:00,1,0,Driver Inattention/Distraction,ROOSEVELT AVENUE,89 STREET,,QUEENS,1
40.68651,-73.76815,5/7/2021,6:00,0,0,Other Vehicular,BAISLEY BOULEVARD,119 ROAD,,QUEENS,0
40.624203,-74.177124,10/9/2021,19:15,0,0,Passing or Lane Usage Improper,STATEN ISLAND EXPRESSWAY,,,,0
40.744526,-73.77161,6/7/2021,9:37,2,0,Driver Inattention/Distraction,CLEARVIEW EXPRESSWAY,,,,2
40.576965,-74.16974,1/7/2021,15:30,0,0,Driver Inattention/Distraction,RICHMOND AVENUE,YUKON AVENUE,,,0
40.8502,-73.8302,7/7/2021,18:04,1,0,Following Too Closely,ARNOW PLACE,WESTCHESTER AVENUE,,BRONX,1
40.715477,-73.998085,8/9/2021,17:40,0,0,Driver Inattention/Distraction,,,65        BAYARD STREET,MANHATTAN,0
40.611477,-73.94883,11/9/2021,7:33,1,0,Unspecified,BEDFORD AVENUE,AVENUE P,,BROOKLYN,1
40.681515,-73.90412,8/7/2021,11:50,1,0,Passing or Lane Usage Improper,BUSHWICK AVENUE,EASTERN PARKWAY,,,1
40.61578,-73.99995,11/9/2021,8:00,0,0,Driver Inattention/Distraction,BAY RIDGE PARKWAY,NEW UTRECHT AVENUE,,BROOKLYN,0
40.82207,-73.94993,8/9/2021,8:43,1,0,Driver Inattention/Distraction,WEST 140 STREET,AMSTERDAM AVENUE,,MANHATTAN,1
40.74606,-73.85583,11/9/2021,23:00,0,0,Unspecified,,,108-10    48 AVENUE,QUEENS,0
40.72013,-73.79038,9/9/2021,12:00,1,0,Unspecified,GRAND CENTRAL PARKWAY,UTOPIA PARKWAY,,QUEENS,1
40.688435,-73.78765,7/7/2021,17:13,1,0,Driver Inattention/Distraction,LINDEN BOULEVARD,BEDELL STREET,,QUEENS,1
40.84964,-73.89661,11/9/2021,18:03,2,0,Failure to Yield Right-of-Way,EAST 179 STREET,WASHINGTON AVENUE,,BRONX,2
40.68329,-73.85491,9/9/2021,17:00,0,0,Driver Inexperience,,,85-01     ROCKAWAY BOULEVARD,QUEENS,0
40.812912,-73.95364,8/9/2021,18:13,0,0,Driver Inexperience,,,415       WEST 127 STREET,MANHATTAN,0
40.6639,-73.7804,11/9/2021,20:50,0,0,Passing or Lane Usage Improper,,,145-26    158 STREET,QUEENS,0
40.59312,-73.772705,5/7/2021,0:16,0,0,Driver Inexperience,EDGEMERE AVENUE,BEACH 41 STREET,,QUEENS,0
40.596687,-73.74422,06/29/2021,16:26,0,0,Following Too Closely,BEACH 9 STREET,SEAGIRT BOULEVARD,,,0
40.673107,-73.99959,8/7/2021,8:50,0,0,Unsafe Lane Changing,BROOKLYN QUEENS EXPRESSWAY,,,,0
40.63874,-73.8952,9/7/2021,10:38,1,0,Tinted Windows,ROCKAWAY PARKWAY,AVENUE L,,BROOKLYN,1
40.675255,-73.73207,11/9/2021,17:45,0,0,Driver Inattention/Distraction,BROOKVILLE BOULEVARD,133 AVENUE,,QUEENS,0
40.846313,-73.92385,11/9/2021,1:30,0,0,Passing Too Closely,,,1523      UNDERCLIFF AVENUE,BRONX,0
40.608364,-73.95727,11/9/2021,2:00,1,0,Driver Inattention/Distraction,EAST 16 STREET,QUENTIN ROAD,,BROOKLYN,1
40.682724,-73.88539,8/7/2021,23:25,0,0,Driver Inattention/Distraction,ELTON STREET,RIDGEWOOD AVENUE,,BROOKLYN,0
40.80789,-73.852844,11/9/2021,1:20,0,0,Aggressive Driving/Road Rage,SOUND VIEW AVENUE,STEPHENS AVENUE,,BRONX,0
40.607754,-74.13205,10/9/2021,0:00,1,0,Failure to Yield Right-of-Way,BRADLEY AVENUE,SOUTH GANNON AVENUE,,,1
40.708324,-73.84314,10/9/2021,11:17,1,0,Following Too Closely,JACKIE ROBINSON PKWY,,,,1
40.79194,-73.95281,10/9/2021,17:08,1,0,Unspecified,,,1212      5 AVENUE,MANHATTAN,1
40.718792,-73.98902,8/7/2021,17:55,1,0,Driver Inattention/Distraction,DELANCEY STREET,LUDLOW STREET,,MANHATTAN,1
40.86463,-73.892136,11/9/2021,13:35,0,0,Driver Inattention/Distraction,EAST 194 STREET,,,,0
40.67856,-73.889015,11/9/2021,0:50,0,0,Fell Asleep,FULTON STREET,BARBEY STREET,,BROOKLYN,0
40.721474,-73.98383,11/9/2021,3:00,0,0,Passing Too Closely,EAST HOUSTON STREET,,,,0
40.79184,-73.93556,11/9/2021,4:41,0,0,Unspecified,EAST 111 STREET,FDR DRIVE,,MANHATTAN,0
40.78076,-73.825424,11/9/2021,21:05,0,0,Passing or Lane Usage Improper,WHITESTONE EXPRESSWAY,,,,0
40.7359,-73.91338,11/9/2021,20:59,0,0,Driver Inattention/Distraction,BROOKLYN QUEENS EXPRESSWAY,,,,0
40.710697,-73.984634,10/9/2021,21:03,1,0,Unspecified,,,299       SOUTH STREET,MANHATTAN,1
40.760777,-73.95702,10/9/2021,14:35,1,0,Following Too Closely,FDR DRIVE,,,,1
40.81358,-73.89385,06/26/2021,17:23,0,0,Unspecified,,,770       BARRY STREET,BRONX,0
40.575302,-73.98453,11/9/2021,23:18,1,0,Passing or Lane Usage Improper,SURF AVENUE,,,,1
40.66843,-73.91919,10/9/2021,13:10,0,0,Driver Inattention/Distraction,PITKIN AVENUE,GRAFTON STREET,,BROOKLYN,0
40.81701,-73.9595,11/9/2021,15:45,0,0,Unspecified,SAINT CLAIR PLACE,,,,0
40.85755,-73.882835,8/7/2021,16:00,0,0,Backing Unsafely,,,2488      CAMBRELENG AVENUE,BRONX,0
40.89711,-73.88008,2/9/2021,19:56,0,0,Unspecified,MAJOR DEEGAN EXPRESSWAY,,,,0
40.685795,-73.911644,11/9/2021,15:45,0,0,Following Too Closely,BUSHWICK AVENUE,,,,0
40.69305,-73.799446,7/9/2021,22:30,0,0,Driver Inattention/Distraction,108 AVENUE,SUTPHIN BOULEVARD,,,0
40.609535,-73.75372,06/25/2021,14:35,0,0,Unspecified,BEACH CHANNEL DRIVE,HASSOCK STREET,,QUEENS,0
40.720627,-74.00522,8/7/2021,18:40,0,0,Unsafe Lane Changing,AVENUE OF THE AMERICAS,,,,0
40.763496,-73.87814,4/7/2021,4:00,1,0,Unspecified,,,91-07     ASTORIA BOULEVARD,QUEENS,1
40.686646,-73.849075,8/7/2021,21:19,1,0,Unsafe Speed,93 STREET,95 AVENUE,,QUEENS,1
40.579445,-73.9544,11/9/2021,15:01,0,0,Driver Inattention/Distraction,,,101       CORBIN PLACE,BROOKLYN,0
40.762966,-73.973976,10/9/2021,19:00,0,0,Driver Inattention/Distraction,5 AVENUE,EAST 57 STREET,,MANHATTAN,0
40.76555,-73.83911,11/9/2021,0:20,3,0,Driver Inexperience,VAN WYCK EXPWY,,,,3
40.779602,-73.95553,10/9/2021,10:55,0,0,Backing Unsafely,,,1280      LEXINGTON AVENUE,MANHATTAN,0
40.553192,-74.164345,11/9/2021,1:39,0,0,Unsafe Speed,RIDGEWOOD AVENUE,GENESEE AVENUE,,STATEN ISLAND,0
40.836094,-73.883995,11/9/2021,18:16,0,0,Failure to Yield Right-of-Way,,,1005      EAST 174 STREET,BRONX,0
40.59692,-73.94122,8/7/2021,12:58,0,0,Unspecified,,,3540      NOSTRAND AVENUE,BROOKLYN,0
40.62318,-73.98611,11/9/2021,22:30,0,0,Unspecified,18 AVENUE,58 STREET,,BROOKLYN,0
40.67562,-73.88826,11/9/2021,18:55,0,0,Unspecified,LIBERTY AVENUE,BARBEY STREET,,BROOKLYN,0
40.80609,-73.95414,7/9/2021,12:42,0,0,Unsafe Speed,,,2200      8 AVENUE,MANHATTAN,0
40.87739,-73.8665,10/9/2021,17:39,1,0,Unsafe Lane Changing,WHITE PLAINS ROAD,EAST GUN HILL ROAD,,BRONX,1
40.689133,-73.951324,11/9/2021,19:20,0,0,Driver Inattention/Distraction,NOSTRAND AVENUE,,,,0
40.83604,-73.92222,06/30/2021,19:20,0,0,Passing or Lane Usage Improper,,,2         EAST 167 STREET,BRONX,0
40.76649,-73.95696,10/9/2021,20:19,0,0,Driver Inattention/Distraction,EAST 70 STREET,1 AVENUE,,MANHATTAN,0
40.731613,-73.9545,8/7/2021,13:26,1,0,Pedestrian/Bicyclist/Other Pedestrian Error/Confusion,MANHATTAN AVENUE,JAVA STREET,,BROOKLYN,1
40.708324,-74.00311,11/9/2021,8:45,0,0,Driver Inattention/Distraction,,,294       PEARL STREET,MANHATTAN,0
40.65375,-73.931274,11/9/2021,19:00,0,0,Unsafe Speed,,,730       LINDEN BOULEVARD,BROOKLYN,0
40.60675,-73.756645,1/7/2021,8:10,0,0,Passing Too Closely,,,22-59     DIX AVENUE,QUEENS,0
40.743534,-73.93951,03/25/2022,9:55,0,0,Driver Inattention/Distraction,28 STREET,47 AVENUE,,QUEENS,0
40.678364,-73.77949,1/9/2021,19:30,1,0,Failure to Yield Right-of-Way,BREWER BOULEVARD,BAISLEY BOULEVARD,,QUEENS,1
40.724274,-74.01136,10/9/2021,15:20,1,0,Driver Inattention/Distraction,WEST STREET,WATTS STREET,,MANHATTAN,1
40.8188,-73.956024,11/9/2021,14:34,0,0,Driver Inexperience,BROADWAY,WEST 133 STREET,,MANHATTAN,0
40.69558,-73.788704,10/9/2021,9:00,0,0,Driver Inattention/Distraction,,,164-21    109 AVENUE,QUEENS,0
40.80484,-73.912796,11/9/2021,3:25,0,0,Unspecified,JACKSON AVENUE,,,,0
40.658466,-73.96049,11/9/2021,1:00,0,0,Driver Inattention/Distraction,,,609       FLATBUSH AVENUE,BROOKLYN,0
40.868164,-73.90054,11/9/2021,11:25,1,0,Driver Inattention/Distraction,,,79        WEST KINGSBRIDGE ROAD,BRONX,1
40.66169,-73.96143,11/9/2021,21:30,2,0,Driver Inexperience,FLATBUSH AVENUE,LEFFERTS AVENUE,,BROOKLYN,2
40.87037,-73.87052,9/7/2021,12:30,1,0,Driver Inattention/Distraction,,,2970      BRONX PARK EAST,BRONX,1
40.69674,-73.76292,5/9/2021,21:18,5,0,Unspecified,114 DRIVE,MEXICO STREET,,QUEENS,5
40.65958,-73.89247,11/9/2021,3:00,0,0,Driver Inattention/Distraction,SHEFFIELD AVENUE,HEGEMAN AVENUE,,BROOKLYN,0
40.83232,-73.87395,11/9/2021,11:30,3,0,Unsafe Speed,BRONX RIVER PARKWAY,,,,3
40.708534,-73.914925,11/9/2021,21:35,0,0,Unspecified,DE KALB AVENUE,ONDERDONK AVENUE,,QUEENS,0
40.777496,-73.90784,8/7/2021,16:04,0,0,Unspecified,,,31-20     21 AVENUE,QUEENS,0
40.83406,-73.944885,2/7/2021,14:00,1,0,Driver Inattention/Distraction,BROADWAY,,,,1
40.66615,-73.80575,11/9/2021,23:20,1,0,Following Too Closely,SOUTH CONDUIT AVENUE,134 STREET,,QUEENS,1
40.82324,-73.938835,8/7/2021,15:15,0,0,Passing Too Closely,,,211       WEST 147 STREET,MANHATTAN,0
40.6974,-73.80952,9/7/2021,12:22,0,0,Failure to Yield Right-of-Way,143 STREET,95 AVENUE,,QUEENS,0
40.67897,-73.75985,9/7/2021,3:25,0,0,Traffic Control Disregarded,MERRICK BOULEVARD,BELKNAP STREET,,QUEENS,0
40.590313,-74.09794,11/9/2021,2:05,0,0,Animals Action,GARRETSON AVENUE,JEFFERSON STREET,,STATEN ISLAND,0
40.654343,-73.864204,9/7/2021,0:00,0,0,Passing Too Closely,,,11629     SEAVIEW AVENUE,BROOKLYN,0
40.62782,-74.12126,11/9/2021,15:30,0,0,Driver Inattention/Distraction,FOREST AVENUE,CLOVE ROAD,,STATEN ISLAND,0
40.592037,-74.15436,10/9/2021,21:27,2,0,Driver Inattention/Distraction,,,1128      ROCKLAND AVENUE,,2
40.79293,-73.950005,8/9/2021,10:10,1,0,Pedestrian/Bicyclist/Other Pedestrian Error/Confusion,EAST 105 STREET,,,,1
40.8452,-73.916885,11/9/2021,10:00,1,0,Reaction to Uninvolved Vehicle,CROSS BRONX EXPY,,,,1
40.72609,-73.830154,11/9/2021,7:58,0,0,Driver Inattention/Distraction,,,70-07     PARK DRIVE EAST,QUEENS,0
40.76092,-73.96704,11/9/2021,16:25,0,0,Driver Inattention/Distraction,3 AVENUE,EAST 58 STREET,,MANHATTAN,0
40.69754,-73.98312,05/21/2019,22:50,0,0,Passing or Lane Usage Improper,GOLD STREET,CONCORD STREET,,BROOKLYN,0
40.843464,-73.836,02/26/2021,14:50,0,0,Unspecified,,,2819      MIDDLETOWN ROAD,BRONX,0
40.692547,-73.990974,9/3/2021,11:00,1,0,Following Too Closely,COURT STREET,JORALEMON STREET,,,1
40.626457,-73.918,03/31/2021,22:20,1,0,Driver Inexperience,RALPH AVENUE,AVENUE K,,BROOKLYN,1
40.526894,-74.16728,6/4/2021,22:58,7,0,Failure to Yield Right-of-Way,BARCLAY AVENUE,HYLAN BOULEVARD,,STATEN ISLAND,7
40.840775,-73.87246,9/4/2021,14:45,1,0,Driver Inattention/Distraction,BRONX RIVER PARKWAY,,,,1
40.694035,-73.72679,04/14/2021,11:00,1,0,Brakes Defective,CROSS ISLAND PARKWAY,,,,1
40.857365,-73.84657,04/15/2021,13:30,0,0,Following Too Closely,,,1400      PELHAM PARKWAY SOUTH,BRONX,0
40.698807,-73.91837,04/14/2021,14:40,0,0,Passing Too Closely,MYRTLE AVENUE,,,,0
40.71402,-73.74827,04/14/2021,21:43,0,0,Turning Improperly,,,211-20    99 AVENUE,QUEENS,0
40.815,-73.89402,04/16/2021,17:40,0,0,Unspecified,GARRISON AVENUE,LONGWOOD AVENUE,,BRONX,0
40.55079,-74.20098,04/16/2021,0:50,0,0,Driver Inexperience,HUGUENOT AVENUE,,,,0
40.655903,-73.89817,04/15/2021,10:30,0,0,Unspecified,,,319       DE WITT AVENUE,BROOKLYN,0
40.890076,-73.819855,04/16/2021,16:35,2,0,Unsafe Speed,BOSTON ROAD,ROPES AVENUE,,BRONX,2
40.650402,-73.89422,04/15/2021,17:20,1,0,Following Too Closely,GLENWOOD ROAD,EAST 108 STREET,,BROOKLYN,1
40.79335,-73.97275,04/16/2021,21:20,0,0,Backing Unsafely,WEST 94 STREET,BROADWAY,,MANHATTAN,0
40.72538,-74.00011,04/16/2021,17:20,0,0,Driver Inattention/Distraction,PRINCE STREET,WOOSTER STREET,,MANHATTAN,0
40.75184,-73.90358,04/15/2021,14:30,0,0,Driver Inattention/Distraction,BROADWAY,58 STREET,,QUEENS,0
40.755516,-73.961105,11/9/2021,22:57,2,0,Unsafe Speed,FDR DRIVE,,,,2
40.649788,-73.9622,04/16/2021,23:20,3,0,Unspecified,EAST 19 STREET,CHURCH AVENUE,,BROOKLYN,3
40.686928,-73.920815,04/16/2021,18:15,0,0,Driver Inattention/Distraction,,,50        HOWARD AVENUE,BROOKLYN,0
40.712963,-73.93647,04/14/2021,13:00,0,0,Passing or Lane Usage Improper,,,950       GRAND STREET,BROOKLYN,0
40.694294,-73.74868,06/30/2021,11:47,0,0,Passing Too Closely,203 STREET,118 AVENUE,,QUEENS,0
40.801285,-73.95394,04/14/2021,20:14,0,0,Driver Inattention/Distraction,7 AVENUE,,,,0
40.633976,-74.02211,04/14/2021,15:16,1,0,Passing Too Closely,,,459       BAY RIDGE AVENUE,BROOKLYN,1
40.670296,-73.997604,04/15/2021,19:30,0,0,Unspecified,GOWANUS EXPY (BQE),,,,0
40.66423,-73.919106,04/16/2021,13:15,0,0,View Obstructed/Limited,HOWARD AVENUE,BLAKE AVENUE,,,0
40.817696,-73.922615,04/14/2021,21:08,0,0,Steering Failure,,,558       MORRIS AVENUE,BRONX,0
40.668495,-73.925606,04/13/2021,20:34,1,0,Failure to Yield Right-of-Way,EASTERN PARKWAY,BUFFALO AVENUE,,BROOKLYN,1
40.662476,-73.768326,04/13/2021,14:10,0,0,Unspecified,,,146-22    BREWER BOULEVARD,QUEENS,0
40.841087,-73.86447,04/15/2021,12:16,0,0,Traffic Control Disregarded,EAST TREMONT AVENUE,WHITE PLAINS ROAD,,BRONX,0
40.70955,-73.95887,04/15/2021,18:15,0,0,Unspecified,HAVEMEYER STREET,SOUTH 5 STREET,,BROOKLYN,0
40.733376,-73.86665,04/15/2021,19:30,1,0,Passing or Lane Usage Improper,LONG ISLAND EXPRESSWAY,,,,1
40.700356,-73.95732,04/14/2021,21:04,1,0,Drugs (illegal),,,693       BEDFORD AVENUE,BROOKLYN,1
40.83801,-73.87329,04/14/2021,1:40,0,0,Other Vehicular,BRONX RIVER PARKWAY,,,,0
40.66584,-73.75551,04/16/2021,18:00,0,0,Reaction to Uninvolved Vehicle,BELT PARKWAY,,,,0
40.761436,-73.76995,04/15/2021,12:05,1,0,Driver Inattention/Distraction,BELL BOULEVARD,,,,1
40.74958,-73.86541,04/16/2021,11:00,1,0,Turning Improperly,,,100-10    ROOSEVELT AVENUE,QUEENS,1
40.73197,-73.78651,04/16/2021,17:00,5,0,Traffic Control Disregarded,73 AVENUE,184 STREET,,QUEENS,5
40.76249,-73.839584,04/16/2021,12:00,0,0,Unspecified,VAN WYCK EXPWY,,,,0
40.668507,-73.779625,04/16/2021,20:27,0,0,Unspecified,140 AVENUE,155 STREET,,,0
40.638268,-73.93187,04/15/2021,18:25,0,0,Unspecified,,,1411      SCHENECTADY AVENUE,BROOKLYN,0
40.696735,-73.93481,12/4/2021,16:08,1,0,Unspecified,BROADWAY,STUYVESANT AVENUE,,BROOKLYN,1
40.870823,-73.8721,04/14/2021,11:55,0,0,Aggressive Driving/Road Rage,BRONX RIVER PARKWAY,,,,0
40.574867,-74.00069,04/14/2021,1:30,0,0,Driver Inattention/Distraction,WEST 35 STREET,,,,0
40.866577,-73.8722,04/14/2021,3:25,3,0,Unsafe Speed,BRONX RIVER PARKWAY,,,,3
40.775414,-73.91984,04/16/2021,8:05,1,0,Following Too Closely,24 STREET,24 AVENUE,,QUEENS,1
40.84744,-73.89968,04/15/2021,20:13,1,0,Driver Inattention/Distraction,EAST TREMONT AVENUE,PARK AVENUE,,BRONX,1
40.542908,-74.15579,04/14/2021,16:30,2,0,Failure to Yield Right-of-Way,ARMSTRONG AVENUE,SYCAMORE STREET,,STATEN ISLAND,2
40.78468,-73.80911,04/14/2021,20:15,0,0,Passing Too Closely,CLINTONVILLE STREET,,,,0
40.632416,-73.94724,04/15/2021,16:37,1,0,Driver Inattention/Distraction,,,1582      FLATBUSH AVENUE,BROOKLYN,1
40.714207,-73.92817,04/15/2021,6:05,1,0,Driver Inattention/Distraction,METROPOLITAN AVENUE,STEWART AVENUE,,BROOKLYN,1
40.727913,-73.873245,04/16/2021,8:40,1,0,Failure to Yield Right-of-Way,ELIOT AVENUE,85 STREET,,QUEENS,1
40.854485,-73.854645,04/15/2021,20:15,0,0,Turning Improperly,,,2013      WILLIAMSBRIDGE ROAD,BRONX,0
40.698986,-73.91671,04/13/2021,23:00,0,0,Driver Inattention/Distraction,,,1479      MYRTLE AVENUE,BROOKLYN,0
40.841717,-73.94435,04/16/2021,20:55,0,0,Driver Inattention/Distraction,,,1051      RIVERSIDE DRIVE,MANHATTAN,0
40.861687,-73.82435,04/15/2021,17:25,0,0,Unspecified,,,2400      HUNTER AVENUE,BRONX,0
40.691822,-73.92223,04/16/2021,6:45,0,0,Reaction to Uninvolved Vehicle,BUSHWICK AVENUE,GROVE STREET,,BROOKLYN,0
40.856014,-73.91213,10/4/2021,12:00,0,0,Unspecified,WEST 180 STREET,ANDREWS AVENUE,,BRONX,0
40.83383,-73.921234,04/14/2021,15:53,0,0,Reaction to Uninvolved Vehicle,GERARD AVENUE,,,,0
40.68781,-73.9237,9/4/2021,17:00,0,0,Backing Unsafely,MADISON STREET,,,,0
40.642044,-73.98124,04/14/2021,19:10,0,0,Unspecified,STORY STREET,CHURCH AVENUE,,BROOKLYN,0
40.69814,-73.89111,04/16/2021,13:55,0,0,Unsafe Speed,COOPER AVENUE,64 PLACE,,QUEENS,0
40.64664,-73.9246,04/14/2021,0:00,2,0,Driver Inattention/Distraction,KINGS HIGHWAY,BEVERLEY ROAD,,BROOKLYN,2
40.703217,-73.73427,11/9/2021,20:00,0,0,Unspecified,MURDOCK AVENUE,223 STREET,,QUEENS,0
40.680897,-73.95118,04/16/2021,16:00,0,0,Driver Inattention/Distraction,ARLINGTON PLACE,,,,0
40.760822,-73.99832,04/15/2021,22:25,1,0,Failure to Yield Right-of-Way,WEST 42 STREET,11 AVENUE,,MANHATTAN,1
40.74608,-73.974945,04/14/2021,10:09,0,0,Unspecified,2 AVENUE,EAST 36 STREET,,MANHATTAN,0
40.626293,-74.01572,04/16/2021,0:01,0,0,Driver Inexperience,FORT HAMILTON PARKWAY,74 STREET,,BROOKLYN,0
40.767967,-73.96822,04/15/2021,20:45,0,0,Driver Inattention/Distraction,EAST 66 STREET,MADISON AVENUE,,MANHATTAN,0
40.673634,-73.89294,04/15/2021,7:00,0,0,Driver Inattention/Distraction,,,472       GLENMORE AVENUE,BROOKLYN,0
40.579212,-73.976265,04/15/2021,10:45,0,0,Following Too Closely,WEST 8 STREET,SHEEPSHEAD BAY ROAD,,BROOKLYN,0
40.57365,-74.11252,04/16/2021,12:00,0,0,Failure to Yield Right-of-Way,EDISON STREET,BACHE AVENUE,,STATEN ISLAND,0
40.73632,-73.85631,04/14/2021,6:50,0,0,Following Too Closely,LONG ISLAND EXPRESSWAY,,,,0
40.619396,-73.969574,04/14/2021,3:39,0,0,Unspecified,OCEAN PARKWAY,AVENUE L,,BROOKLYN,0
40.820263,-73.92976,04/16/2021,22:00,0,0,Unspecified,RIVER AVENUE,,,,0
40.601864,-74.00232,04/14/2021,0:00,1,0,Failure to Yield Right-of-Way,BATH AVENUE,,,,1
40.810318,-73.943634,04/15/2021,19:10,0,0,Driver Inattention/Distraction,LENOX AVENUE,,,,0
40.666306,-73.79171,04/14/2021,13:35,1,0,Driver Inattention/Distraction,BELT PARKWAY,,,,1
40.708805,-73.92577,04/16/2021,15:05,0,0,Failure to Yield Right-of-Way,STEWART AVENUE,JOHNSON AVENUE,,BROOKLYN,0
40.826424,-73.85868,04/14/2021,9:33,0,0,Failure to Yield Right-of-Way,BRUCKNER BOULEVARD,VIRGINIA AVENUE,,BRONX,0
40.63174,-73.96793,04/13/2021,16:05,0,0,Unspecified,FOSTER AVENUE,EAST 8 STREET,,,0
0.0,0.0,04/15/2021,9:27,0,0,Backing Unsafely,NORWAY AVENUE,,,,0
40.727146,-73.954735,04/16/2021,11:45,0,0,Passing Too Closely,,,190       GUERNSEY STREET,BROOKLYN,0
40.67253,-73.798386,11/4/2021,8:56,0,0,Driver Inattention/Distraction,SUTTER AVENUE,,,,0
40.702335,-73.89073,04/16/2021,13:02,0,0,Driver Inattention/Distraction,CENTRAL AVENUE,65 STREET,,QUEENS,0
40.587894,-73.95504,04/14/2021,0:00,0,0,Driver Inattention/Distraction,,,1415      AVENUE Z,BROOKLYN,0
40.65047,-73.917366,04/16/2021,5:30,0,0,Driver Inattention/Distraction,,,679       REMSEN AVENUE,BROOKLYN,0
40.836555,-73.94306,04/16/2021,20:26,1,0,Failure to Yield Right-of-Way,BROADWAY,WEST 161 STREET,,MANHATTAN,1
40.870056,-73.83222,04/13/2021,9:00,0,0,Unspecified,,,100       ALDRICH STREET,BRONX,0
40.579372,-74.16948,04/15/2021,11:45,0,0,Passing or Lane Usage Improper,RICHMOND AVENUE,PLATINUM AVENUE,,,0
40.805138,-73.945244,1/4/2021,0:10,0,0,Reaction to Uninvolved Vehicle,WEST 122 STREET,MOUNT MORRIS PARK WEST,,MANHATTAN,0
40.85968,-73.90427,04/15/2021,11:41,0,0,Passing Too Closely,,,2324      DAVIDSON AVENUE,BRONX,0
40.605595,-73.98404,04/15/2021,2:00,0,0,Driver Inattention/Distraction,KINGS HIGHWAY,,,,0
40.819214,-73.84662,04/15/2021,0:05,0,0,Steering Failure,,,2245      RANDALL AVENUE,BRONX,0
40.827972,-73.88707,04/16/2021,11:30,0,0,Unspecified,,,1074      HOME STREET,BRONX,0
40.66496,-73.82226,04/16/2021,15:30,0,0,Fell Asleep,BELT PARKWAY,,,,0
40.719177,-73.79223,04/14/2021,15:00,0,0,Driver Inattention/Distraction,GRAND CENTRAL PKWY,,,,0
40.748825,-73.96984,04/14/2021,8:03,1,0,Driver Inattention/Distraction,EAST 42 STREET,1 AVENUE,,MANHATTAN,1
40.733597,-73.91062,04/16/2021,7:45,0,0,Driver Inattention/Distraction,,,53-15     58 STREET,QUEENS,0
40.54048,-74.153404,04/14/2021,6:45,0,0,View Obstructed/Limited,ARMSTRONG AVENUE,HILLCREST STREET,,STATEN ISLAND,0
40.738403,-73.93864,04/14/2021,22:43,0,0,Driver Inattention/Distraction,30 STREET,BORDEN AVENUE,,,0
40.68039,-73.94956,04/15/2021,16:55,1,0,Driver Inattention/Distraction,FULTON STREET,,,,1
40.817627,-73.92366,04/14/2021,18:00,0,0,Backing Unsafely,,,249       EAST 149 STREET,BRONX,0
40.751446,-74.001434,04/15/2021,12:26,2,0,Failure to Yield Right-of-Way,WEST 29 STREET,10 AVENUE,,MANHATTAN,2
40.86418,-73.90119,11/9/2021,22:15,1,0,Unspecified,DAVIDSON AVENUE,WEST 190 STREET,,BRONX,1
40.76161,-73.97076,04/15/2021,8:10,0,0,Driver Inexperience,EAST 57 STREET,PARK AVENUE,,MANHATTAN,0
40.689648,-73.9184,04/15/2021,16:00,0,0,Unspecified,MADISON STREET,BUSHWICK AVENUE,,BROOKLYN,0
40.741634,-73.88266,04/14/2021,16:00,1,0,Driver Inattention/Distraction,,,82-22     45 AVENUE,QUEENS,1
40.596977,-73.97324,04/15/2021,18:30,0,0,Unspecified,MC DONALD AVENUE,AVENUE U,,BROOKLYN,0
40.63864,-74.02245,04/16/2021,14:56,0,0,Unspecified,,,350       65 STREET,BROOKLYN,0
40.565254,-74.1301,04/14/2021,17:30,0,0,Unspecified,AMBOY ROAD,GUYON AVENUE,,STATEN ISLAND,0
40.655895,-73.898224,04/14/2021,7:15,0,0,Unspecified,,,317       DE WITT AVENUE,BROOKLYN,0
40.68821,-73.96583,04/14/2021,20:10,0,0,Pedestrian/Bicyclist/Other Pedestrian Error/Confusion,WASHINGTON AVENUE,LAFAYETTE AVENUE,,BROOKLYN,0
40.71649,-73.98484,04/15/2021,9:28,0,0,Unspecified,,,154       BROOME STREET,MANHATTAN,0
40.876785,-73.87446,04/16/2021,14:30,0,0,Passing Too Closely,EAST 209 STREET,HULL AVENUE,,BRONX,0
40.86367,-73.86741,04/16/2021,18:05,0,0,Alcohol Involvement,,,2516      WHITE PLAINS ROAD,BRONX,0
40.835827,-73.89068,04/14/2021,0:00,0,0,Driver Inexperience,,,1600      BOSTON ROAD,BRONX,0
40.793396,-73.94043,04/15/2021,15:37,0,0,Unspecified,,,2145      2 AVENUE,MANHATTAN,0
40.84827,-73.88312,04/14/2021,17:20,0,0,Failure to Yield Right-of-Way,SOUTHERN BOULEVARD,EAST 182 STREET,,BRONX,0
40.656273,-73.90731,04/14/2021,23:17,1,0,Driver Inexperience,HEGEMAN AVENUE,,,,1
40.693462,-73.965485,04/16/2021,9:25,1,0,Driver Inattention/Distraction,,,492       MYRTLE AVENUE,BROOKLYN,1
40.66725,-73.88799,04/15/2021,16:00,1,0,Unspecified,DUMONT AVENUE,HENDRIX STREET,,BROOKLYN,1
40.844105,-73.923065,04/13/2021,17:55,1,0,Pedestrian/Bicyclist/Other Pedestrian Error/Confusion,GRANT HIGHWAY,UNIVERSITY AVENUE,,BRONX,1
40.651707,-73.93121,04/16/2021,21:00,0,0,Backing Unsafely,,,4905      CHURCH AVENUE,BROOKLYN,0
40.680496,-73.821365,04/15/2021,10:30,1,0,Failure to Yield Right-of-Way,111 AVENUE,LEFFERTS BOULEVARD,,QUEENS,1
40.834415,-73.92854,04/15/2021,23:36,0,0,View Obstructed/Limited,OGDEN AVENUE,WEST 165 STREET,,BRONX,0
40.7357,-73.90377,04/15/2021,0:00,0,0,Driver Inattention/Distraction,51 AVENUE,61 STREET,,QUEENS,0
40.771038,-73.83413,04/15/2021,21:33,0,0,Passing or Lane Usage Improper,WHITESTONE EXPRESSWAY,,,,0
40.69484,-73.98391,04/14/2021,19:45,1,0,Driver Inattention/Distraction,FLATBUSH AVENUE EXTENSION,JOHNSON STREET,,BROOKLYN,1
40.785774,-73.97052,04/14/2021,7:45,2,0,Passing or Lane Usage Improper,,,38        WEST 86 STREET,MANHATTAN,2
40.733017,-73.8852,04/14/2021,12:30,0,0,Driver Inattention/Distraction,,,82-26     ANKENER AVENUE,QUEENS,0
40.709023,-73.757835,04/16/2021,8:30,0,0,Traffic Control Disregarded,201 STREET,,,,0
40.692886,-73.832184,04/14/2021,11:15,2,0,Failure to Yield Right-of-Way,ATLANTIC AVENUE,,,,2
40.620487,-74.029305,04/15/2021,15:18,0,1,Driver Inattention/Distraction,4 AVENUE,FOREST PLACE,,BROOKLYN,5
40.618595,-73.99847,04/14/2021,17:50,0,0,Driver Inattention/Distraction,16 AVENUE,71 STREET,,BROOKLYN,0
40.803787,-73.953896,04/14/2021,10:29,1,0,Unspecified,,,246       WEST 116 STREET,MANHATTAN,1
40.82319,-73.889496,04/15/2021,20:02,0,0,Passing or Lane Usage Improper,ALDUS STREET,FAILE STREET,,BRONX,0
40.680088,-73.94398,04/14/2021,19:20,1,0,Driver Inattention/Distraction,FULTON STREET,,,,1
40.827927,-73.90094,04/14/2021,19:00,0,0,Unspecified,TINTON AVENUE,HOME STREET,,BRONX,0
40.65342,-73.88898,8/7/2021,19:55,0,0,Other Vehicular,COZINE AVENUE,,,,0
40.66895,-73.9339,04/14/2021,22:21,0,0,Driver Inattention/Distraction,EASTERN PARKWAY,SCHENECTADY AVENUE,,BROOKLYN,0
40.879055,-73.87439,04/15/2021,15:25,0,0,Turning Improperly,PERRY AVENUE,,,,0
40.67043,-73.928185,04/14/2021,11:30,1,0,Unsafe Speed,SAINT JOHNS PLACE,,,,1
40.875874,-73.84989,04/16/2021,23:14,3,0,Unspecified,BOSTON ROAD,FISH AVENUE,,BRONX,3
40.675037,-73.930534,04/13/2021,9:30,0,0,Following Too Closely,BERGEN STREET,,,,0
40.767582,-73.9109,04/16/2021,13:59,1,0,Failure to Yield Right-of-Way,41 STREET,,,,1
40.734352,-74.00849,04/14/2021,6:35,0,0,Backing Unsafely,,,690       WASHINGTON STREET,MANHATTAN,0
40.63083,-73.90736,04/16/2021,14:50,2,0,Driver Inexperience,EAST 80 STREET,PAERDEGAT 7 STREET,,BROOKLYN,2
40.63532,-73.95033,04/14/2021,18:35,0,0,Driver Inattention/Distraction,,,1452      FLATBUSH AVENUE,BROOKLYN,0
40.714073,-73.95087,04/13/2021,10:30,0,0,Driver Inattention/Distraction,,,533       METROPOLITAN AVENUE,BROOKLYN,0
40.702194,-73.93587,04/14/2021,6:55,0,0,Passing or Lane Usage Improper,,,923       FLUSHING AVENUE,BROOKLYN,0
40.764362,-73.96162,04/14/2021,16:58,1,0,Driver Inattention/Distraction,2 AVENUE,EAST 65 STREET,,MANHATTAN,1
40.69496,-73.946236,12/4/2021,18:30,0,0,Passing or Lane Usage Improper,TOMPKINS AVENUE,,,,0
40.79656,-73.97226,04/16/2021,12:10,0,0,Unspecified,WEST END AVENUE,,,,0
40.805016,-73.92109,04/14/2021,9:00,0,0,Unspecified,BROOK AVENUE,EAST 134 STREET,,BRONX,0
40.66406,-73.73846,04/14/2021,17:00,2,0,Unspecified,241 STREET,141 AVENUE,,QUEENS,2
40.7963,-73.93829,04/13/2021,13:14,0,0,Turning Improperly,EAST 115 STREET,2 AVENUE,,MANHATTAN,0
40.66563,-73.73921,04/14/2021,2:25,1,0,Traffic Control Disregarded,BROOKVILLE BOULEVARD,SUNRISE HIGHWAY,,QUEENS,1
40.680477,-73.7921,04/15/2021,16:00,0,0,Driver Inattention/Distraction,SUTPHIN BOULEVARD,FOCH BOULEVARD,,QUEENS,0
40.737785,-73.93496,04/16/2021,11:35,1,0,Following Too Closely,VANDAM STREET,BORDEN AVENUE,,,1
40.778606,-73.98163,04/16/2021,12:26,1,0,Backing Unsafely,AMSTERDAM AVENUE,WEST 72 STREET,,MANHATTAN,1
40.75868,-73.87552,04/16/2021,0:30,1,0,Unsafe Speed,93 STREET,32 AVENUE,,QUEENS,1
40.856045,-73.90079,04/14/2021,17:55,0,0,Following Too Closely,GRAND CONCOURSE,,,,0
40.880257,-73.843864,04/14/2021,23:36,0,0,Passing Too Closely,,,1309      EAST 223 STREET,BRONX,0
40.60677,-73.759575,04/15/2021,20:00,0,0,Passing or Lane Usage Improper,,,13-32     EGGERT PLACE,QUEENS,0
40.695683,-73.741875,04/16/2021,6:00,0,0,Unspecified,218 STREET,,,,0
40.667236,-73.770004,04/16/2021,20:00,0,0,Passing or Lane Usage Improper,BELT PARKWAY,,,,0
40.8351,-73.8825,04/14/2021,6:13,0,0,Unspecified,,,1725      WEST FARMS ROAD,BRONX,0
40.633682,-73.89868,04/15/2021,14:41,1,0,Unspecified,AVENUE M,REMSEN AVENUE,,BROOKLYN,1
40.698116,-73.977325,04/14/2021,11:54,1,0,Failure to Yield Right-of-Way,,,21        FLUSHING AVENUE,BROOKLYN,1
40.84747,-73.89134,04/16/2021,11:50,0,0,Reaction to Uninvolved Vehicle,HUGHES AVENUE,,,,0
40.8047,-73.91243,04/14/2021,14:00,0,0,Unspecified,BRUCKNER BOULEVARD,EAST 138 STREET,,,0
40.762676,-73.954346,04/16/2021,23:55,0,0,Unsafe Lane Changing,FDR DRIVE,,,,0
40.7158,-73.824486,04/16/2021,14:30,0,0,Driver Inattention/Distraction,UNION TURNPIKE,134 STREET,,QUEENS,0
40.75584,-73.99238,04/15/2021,23:00,0,0,Unspecified,,,339       WEST 39 STREET,MANHATTAN,0
40.875942,-73.83304,11/9/2021,11:30,0,0,Unspecified,,,120       DONIZETTI PLACE,BRONX,0
40.772102,-73.763954,04/15/2021,18:00,0,0,Following Too Closely,CROSS ISLAND PARKWAY,,,,0
40.681602,-73.95855,04/14/2021,20:19,0,0,Driver Inexperience,,,557       CLASSON AVENUE,BROOKLYN,0
40.62677,-73.946884,04/15/2021,14:36,1,0,Driver Inattention/Distraction,AVENUE J,NOSTRAND AVENUE,,BROOKLYN,1
40.707493,-73.94153,04/14/2021,11:16,1,0,Other Vehicular,MONTROSE AVENUE,,,,1
40.8252,-73.867714,04/15/2021,10:00,0,0,Passing or Lane Usage Improper,BRUCKNER BOULEVARD,ROSEDALE AVENUE,,,0
40.854115,-73.89091,12/4/2021,21:30,0,0,Driver Inattention/Distraction,EAST 183 STREET,3 AVENUE,,BRONX,0
40.768875,-73.94898,04/16/2021,7:00,1,0,Following Too Closely,FDR DRIVE,,,,1
40.629707,-73.90486,04/16/2021,15:21,0,0,Unspecified,EAST 80 STREET,PAERDEGAT 10 STREET,,BROOKLYN,0
40.72654,-73.71589,04/15/2021,0:40,1,0,Driver Inattention/Distraction,JAMAICA AVENUE,249 STREET,,QUEENS,1
40.634415,-74.08535,04/15/2021,18:00,0,0,Unspecified,,,323       VICTORY BOULEVARD,STATEN ISLAND,0
40.889362,-73.83446,11/9/2021,16:30,0,0,Failure to Yield Right-of-Way,EAST 233 STREET,PRATT AVENUE,,,0
40.66937,-73.89523,04/15/2021,8:40,0,0,Passing or Lane Usage Improper,SUTTER AVENUE,,,,0
40.89466,-73.86137,04/16/2021,17:25,0,0,Driver Inattention/Distraction,EAST 233 STREET,BRONX BOULEVARD,,BRONX,0
40.669067,-73.9878,04/16/2021,6:40,0,0,Unspecified,,,341       10 STREET,BROOKLYN,0
40.681484,-73.85049,04/15/2021,11:00,1,0,Failure to Yield Right-of-Way,102 ROAD,89 STREET,,QUEENS,1
40.82433,-73.874374,04/14/2021,9:31,0,0,Passing Too Closely,BRUCKNER BOULEVARD,STRATFORD AVENUE,,BRONX,0
40.856606,-73.92841,04/14/2021,12:40,0,0,Driver Inattention/Distraction,WADSWORTH AVENUE,,,,0
40.65785,-73.91648,8/4/2021,21:52,0,0,Unspecified,ROCKAWAY PARKWAY,WILLMOHR STREET,,BROOKLYN,0
40.62764,-73.89022,04/14/2021,8:58,0,0,Passing or Lane Usage Improper,BELT PARKWAY,,,,0
40.58401,-73.98587,9/4/2021,1:15,0,0,Following Too Closely,BELT PARKWAY,,,,0
40.71791,-73.95341,04/14/2021,17:30,1,0,Turning Improperly,ROEBLING STREET,NORTH 10 STREET,,BROOKLYN,1
40.780437,-73.94989,04/15/2021,0:00,0,0,Driver Inattention/Distraction,EAST 90 STREET,,,,0
40.73973,-73.70625,04/14/2021,8:30,0,0,Unspecified,263 STREET,83 AVENUE,,QUEENS,0
40.7952,-73.94623,5/4/2021,16:21,3,0,Passing Too Closely,,,1505      PARK AVENUE,MANHATTAN,3
40.694794,-73.98246,04/14/2021,10:40,1,0,Failure to Yield Right-of-Way,PRINCE STREET,JOHNSON STREET,,BROOKLYN,1
40.614063,-74.01393,04/16/2021,8:30,0,0,Unspecified,86 STREET,13 AVENUE,,BROOKLYN,0
40.715702,-73.95579,8/7/2021,16:45,1,0,View Obstructed/Limited,ROEBLING STREET,NORTH 6 STREET,,BROOKLYN,1
40.633152,-73.97762,04/16/2021,18:50,0,0,Unspecified,AVENUE F,MC DONALD AVENUE,,BROOKLYN,0
40.612736,-74.01172,04/16/2021,15:23,1,0,Following Too Closely,14 AVENUE,86 STREET,,BROOKLYN,1
40.70166,-73.961464,04/15/2021,17:55,2,0,Pavement Slippery,WILLIAMSBURG STREET WEST,WYTHE AVENUE,,BROOKLYN,2
40.80641,-73.94227,04/14/2021,0:42,0,0,Unspecified,EAST 125 STREET,5 AVENUE,,MANHATTAN,0
40.762234,-73.98987,04/14/2021,12:30,1,0,Driver Inattention/Distraction,WEST 48 STREET,9 AVENUE,,MANHATTAN,1
40.863647,-73.8918,04/15/2021,8:30,0,0,Unspecified,EAST 193 STREET,MARION AVENUE,,BRONX,0
40.576626,-73.98478,04/15/2021,18:36,2,0,Driver Inattention/Distraction,MERMAID AVENUE,WEST 17 STREET,,BROOKLYN,2
40.60118,-73.99098,04/14/2021,13:45,0,0,Driver Inattention/Distraction,85 STREET,23 AVENUE,,BROOKLYN,0
40.64721,-74.01531,04/14/2021,19:46,0,0,Unspecified,51 STREET,3 AVENUE,,BROOKLYN,0
40.681145,-73.7923,04/15/2021,16:18,0,0,Unsafe Speed,SUTPHIN BOULEVARD,,,,0
40.57529,-73.97655,04/15/2021,12:40,0,0,Backing Unsafely,SURF AVENUE,WEST 8 STREET,,BROOKLYN,0
40.786,-73.84574,04/16/2021,17:45,0,0,Failure to Yield Right-of-Way,14 AVENUE,COLLEGE POINT BOULEVARD,,,0
40.601128,-73.997086,04/15/2021,20:00,1,0,Pedestrian/Bicyclist/Other Pedestrian Error/Confusion,BENSON AVENUE,BAY 28 STREET,,BROOKLYN,1
40.827923,-73.93483,04/15/2021,11:45,0,0,Unsafe Lane Changing,HARLEM RIVER DRIVE,,,,0
40.805824,-73.954636,5/4/2021,16:27,0,0,Unspecified,,,301       WEST 118 STREET,MANHATTAN,0
40.642776,-74.02003,04/14/2021,13:30,0,0,Passing or Lane Usage Improper,3 AVENUE,,,,0
40.86674,-73.92873,04/14/2021,18:56,1,0,Pavement Defective,PAYSON AVENUE,,,,1
40.571625,-74.11192,10/12/2021,12:15,0,0,Backing Unsafely,NEW DORP LANE,CLAWSON STREET,,,0
40.678375,-73.9265,12/4/2021,6:00,0,0,Other Lighting Defects,SUYDAM PLACE,,,,0
40.74209,-73.984985,04/14/2021,19:50,1,0,Unspecified,EAST 26 STREET,,,,1
40.81228,-73.90941,04/16/2021,11:30,0,0,Unspecified,,,508       JACKSON AVENUE,BRONX,0
40.604195,-73.97218,04/16/2021,23:45,0,0,Reaction to Uninvolved Vehicle,MC DONALD AVENUE,,,,0
40.84383,-73.886375,11/4/2021,18:45,0,0,Driver Inattention/Distraction,,,1988      MARMION AVENUE,BRONX,0
40.759163,-73.988396,04/16/2021,8:30,1,0,Failure to Yield Right-of-Way,8 AVENUE,,,,1
40.652927,-73.959335,04/15/2021,19:39,1,0,Unspecified,FLATBUSH AVENUE,CATON AVENUE,,BROOKLYN,1
40.69097,-73.94833,04/14/2021,21:00,2,0,Following Too Closely,MARCY AVENUE,KOSCIUSZKO STREET,,BROOKLYN,2
40.718864,-73.97483,04/16/2021,19:00,0,0,Unspecified,FDR DRIVE,,,,0
40.683174,-73.87389,04/15/2021,23:30,0,0,Driver Inattention/Distraction,,,3289      FULTON STREET,BROOKLYN,0
40.749744,-73.884315,04/15/2021,2:00,0,0,Passing or Lane Usage Improper,37 AVENUE,82 STREET,,QUEENS,0
40.738316,-73.98773,04/16/2021,19:54,0,0,Unspecified,EAST 20 STREET,PARK AVENUE SOUTH,,MANHATTAN,0
40.839382,-73.84531,8/4/2021,9:21,0,0,Unspecified,,,2507      TRATMAN AVENUE,BRONX,0
40.66806,-73.90394,04/16/2021,9:50,0,0,Unspecified,,,414       SUTTER AVENUE,BROOKLYN,0
40.74715,-73.985504,04/16/2021,12:10,0,0,Driver Inattention/Distraction,WEST 32 STREET,,,,0
40.663776,-73.889915,04/14/2021,8:40,0,0,Driver Inattention/Distraction,RIVERDALE AVENUE,,,,0
40.843903,-73.927284,04/16/2021,23:25,0,0,Unsafe Lane Changing,MAJOR DEEGAN EXPRESSWAY,,,,0
40.836296,-73.87369,04/14/2021,20:25,2,0,Unspecified,CROSS BRONX EXPY,,,,2
40.655285,-73.93658,04/15/2021,21:04,2,0,Failure to Yield Right-of-Way,,,743       TROY AVENUE,BROOKLYN,2
40.70166,-73.961464,9/4/2021,12:00,0,0,Driver Inattention/Distraction,WILLIAMSBURG STREET WEST,WYTHE AVENUE,,BROOKLYN,0
40.64606,-74.01648,04/16/2021,10:05,1,0,Brakes Defective,3 AVENUE,53 STREET,,BROOKLYN,1
40.72119,-73.761185,04/15/2021,8:23,1,0,Driver Inattention/Distraction,FOOTHILL AVENUE,204 STREET,,QUEENS,1
40.708363,-73.87203,04/15/2021,12:00,0,0,Driver Inattention/Distraction,,,79-40     COOPER AVENUE,QUEENS,0
40.674004,-73.81881,04/14/2021,14:10,0,0,Traffic Control Disregarded,120 STREET,,,,0
40.729176,-73.87898,04/14/2021,23:10,2,0,Unspecified,LONG ISLAND EXPRESSWAY,,,,2
40.745766,-73.86421,11/9/2021,10:59,0,0,Obstruction/Debris,45 AVENUE,NATIONAL STREET,,QUEENS,0
40.86832,-73.83317,04/15/2021,12:30,0,0,Oversized Vehicle,BARTOW AVENUE,EDSON AVENUE,,BRONX,0
40.598515,-73.766464,04/14/2021,18:45,0,0,Animals Action,,,32-11     BEACH CHANNEL DRIVE,QUEENS,0
40.695004,-73.9525,03/20/2021,15:58,0,0,Passing Too Closely,NOSTRAND AVENUE,MYRTLE AVENUE,,BROOKLYN,0
40.72773,-73.90674,04/14/2021,11:50,0,0,Unspecified,MAURICE AVENUE,BORDEN AVENUE,,,0
40.704563,-73.91066,04/16/2021,8:41,1,0,Driver Inattention/Distraction,MENAHAN STREET,SENECA AVENUE,,QUEENS,1
40.66807,-73.80789,04/14/2021,13:30,0,0,Failure to Yield Right-of-Way,131 STREET,,,,0
40.66944,-73.883995,04/14/2021,0:00,1,0,Traffic Control Disregarded,BLAKE AVENUE,ASHFORD STREET,,BROOKLYN,1
40.684082,-73.90864,9/4/2021,10:15,0,0,Passing Too Closely,CHAUNCEY STREET,,,,0
40.69349,-73.97917,04/14/2021,15:05,1,0,Unspecified,MYRTLE AVENUE,ASHLAND PLACE,,BROOKLYN,1
40.765266,-73.81517,04/16/2021,0:00,0,0,Passing Too Closely,NORTHERN BOULEVARD,150 STREET,,QUEENS,0
40.74613,-73.83605,04/14/2021,18:00,0,0,Driver Inattention/Distraction,VAN WYCK EXPWY,,,,0
40.74708,-73.98135,04/15/2021,12:17,1,0,Driver Inattention/Distraction,PARK AVENUE,EAST 34 STREET,,MANHATTAN,1
40.87482,-73.877,04/15/2021,10:37,1,0,Driver Inattention/Distraction,EAST 206 STREET,PERRY AVENUE,,BRONX,1
40.70399,-73.85589,04/14/2021,19:15,0,0,Failure to Yield Right-of-Way,WOODHAVEN BOULEVARD,82 AVENUE,,QUEENS,0
40.649788,-73.9622,04/16/2021,21:30,0,0,Unspecified,CHURCH AVENUE,SAINT PAULS PLACE,,BROOKLYN,0
40.69507,-73.80114,11/4/2021,11:50,0,0,Passing or Lane Usage Improper,,,106-44    150 STREET,QUEENS,0
40.788673,-73.97136,04/15/2021,9:57,0,0,Passing Too Closely,,,109       WEST 89 STREET,MANHATTAN,0
40.847897,-73.92499,04/15/2021,13:07,0,0,Unspecified,MAJOR DEEGAN EXPRESSWAY,,,,0
40.68896,-73.93326,04/14/2021,11:30,1,0,Driver Inattention/Distraction,STUYVESANT AVENUE,QUINCY STREET,,BROOKLYN,1
40.695377,-73.94921,04/13/2021,7:25,0,0,Passing or Lane Usage Improper,MYRTLE AVENUE,,,,0
40.880657,-73.877625,04/16/2021,18:03,0,0,Passing or Lane Usage Improper,EAST GUN HILL ROAD,WAYNE AVENUE,,BRONX,0
40.828114,-73.93107,04/16/2021,21:00,0,0,Unsafe Lane Changing,MAJOR DEEGAN EXPRESSWAY,,,,0
40.781265,-73.97599,04/16/2021,10:40,1,0,Driver Inattention/Distraction,COLUMBUS AVENUE,,,,1
40.848736,-73.93234,04/16/2021,20:07,0,0,Failure to Yield Right-of-Way,WEST 181 STREET,AUDUBON AVENUE,,MANHATTAN,0
40.65989,-73.90536,04/15/2021,22:22,0,0,Unspecified,NEWPORT STREET,WATKINS STREET,,BROOKLYN,0
40.748436,-73.984566,04/16/2021,18:40,1,0,Unsafe Lane Changing,5 AVENUE,,,,1
40.61033,-73.95932,04/15/2021,12:38,1,0,Unsafe Lane Changing,,,1411      AVENUE P,BROOKLYN,1
40.752556,-73.92972,04/14/2021,12:20,0,0,Unspecified,38 AVENUE,34 STREET,,QUEENS,0
40.829697,-73.91313,04/14/2021,20:50,1,0,Failure to Yield Right-of-Way,TELLER AVENUE,,,,1
40.718826,-73.98424,04/14/2021,2:30,0,0,Turning Improperly,ATTORNEY STREET,RIVINGTON STREET,,MANHATTAN,0
40.65241,-73.9264,04/16/2021,12:38,0,0,Unspecified,,,5403      CHURCH AVENUE,BROOKLYN,0
40.852673,-73.919106,04/15/2021,15:20,1,0,Following Too Closely,UNDERCLIFF AVENUE,SEDGWICK AVENUE,,,1
40.851555,-73.952446,04/16/2021,15:00,0,0,Passing Too Closely,CROSS BRONX EXPY,,,,0
40.707928,-73.784294,04/16/2021,12:50,0,0,Traffic Control Disregarded,JAMAICA AVENUE,,,,0
40.891876,-73.8616,6/4/2021,8:50,0,0,Outside Car Distraction,,,4110      CARPENTER AVENUE,BRONX,0
40.58947,-73.80105,04/15/2021,0:00,0,0,Unspecified,,,207       BEACH 73 STREET,QUEENS,0
40.74668,-73.9745,1/4/2021,4:46,0,0,Turning Improperly,2 AVENUE,EAST 37 STREET,,MANHATTAN,0
40.85814,-73.895744,04/14/2021,22:17,0,0,Unspecified,EAST 184 STREET,MARION AVENUE,,BRONX,0
40.708626,-73.94513,04/16/2021,14:35,0,0,Driver Inattention/Distraction,MANHATTAN AVENUE,SCHOLES STREET,,BROOKLYN,0
40.73464,-73.87421,04/14/2021,15:25,1,0,Reaction to Uninvolved Vehicle,,,89-21     QUEENS BOULEVARD,QUEENS,1
40.62855,-73.952835,04/16/2021,10:00,0,0,Unspecified,,,2408      AVENUE I,BROOKLYN,0
40.65563,-73.92596,04/14/2021,13:40,2,0,Unspecified,LENOX ROAD,EAST 55 STREET,,BROOKLYN,2
40.687046,-73.792114,04/16/2021,10:10,0,0,Driver Inattention/Distraction,155 STREET,LINDEN BOULEVARD,,QUEENS,0
40.70326,-73.86474,04/14/2021,11:46,1,0,Driver Inattention/Distraction,MYRTLE AVENUE,84 STREET,,QUEENS,1
0.0,0.0,6/4/2021,16:00,1,0,Driver Inattention/Distraction,BEDFORD AVENUE,,,,1
40.633114,-73.94928,04/14/2021,13:00,0,0,Driver Inattention/Distraction,,,120       KENILWORTH PLACE,BROOKLYN,0
40.62046,-74.07641,04/14/2021,13:30,0,0,Unspecified,,,135       VANDERBILT AVENUE,STATEN ISLAND,0
40.75964,-73.95817,04/14/2021,21:24,0,0,Reaction to Uninvolved Vehicle,FDR DRIVE,EAST 61 STREET,,MANHATTAN,0
40.64254,-73.87652,04/13/2021,20:15,2,0,Following Too Closely,BELT PARKWAY,,,,2
40.783146,-73.97833,04/15/2021,10:30,1,0,Passing Too Closely,WEST 79 STREET,,,,1
40.705452,-73.78149,04/14/2021,23:30,6,0,Reaction to Uninvolved Vehicle,LIBERTY AVENUE,178 STREET,,QUEENS,6
40.74425,-73.7334,04/15/2021,19:00,0,0,Unspecified,CROSS ISLAND PARKWAY,GRAND CENTRAL PARKWAY,,,0
40.75348,-73.980896,04/14/2021,4:35,0,0,Unsafe Lane Changing,WEST 42 STREET,5 AVENUE,,MANHATTAN,0
40.84307,-73.848076,04/14/2021,23:46,2,0,Unspecified,SILVER STREET,EAST TREMONT AVENUE,,BRONX,2
40.620914,-73.9753,04/15/2021,12:30,1,0,Illnes,MC DONALD AVENUE,BAY PARKWAY,,BROOKLYN,1
40.80889,-73.95581,4/4/2021,21:43,0,0,Unsafe Speed,,,71        MORNINGSIDE AVENUE,MANHATTAN,0
40.78847,-73.968895,04/15/2021,13:18,0,0,Driver Inattention/Distraction,,,51        WEST 90 STREET,MANHATTAN,0
40.712776,-73.90601,04/14/2021,13:36,1,0,Following Too Closely,,,62-41     FOREST AVENUE,QUEENS,1
40.75868,-73.87552,04/16/2021,0:30,0,0,Unsafe Speed,93 STREET,32 AVENUE,,QUEENS,0
40.74661,-73.86473,04/16/2021,17:50,0,0,Alcohol Involvement,,,99-05     43 AVENUE,QUEENS,0
40.835705,-73.88875,04/16/2021,16:01,0,0,Unsafe Speed,SOUTHERN BOULEVARD,EAST 173 STREET,,BRONX,0
40.688404,-73.93803,03/28/2021,18:30,1,0,Unspecified,,,562       QUINCY STREET,BROOKLYN,1
40.781715,-73.823845,12/4/2021,20:00,1,0,Failure to Yield Right-of-Way,144 STREET,20 AVENUE,,QUEENS,1
40.730644,-73.97329,2/4/2021,21:15,0,0,Unsafe Speed,FDR DRIVE,,,,0
40.75218,-73.85201,04/16/2021,15:05,0,0,Following Too Closely,GRAND CENTRAL PKWY,,,,0
40.731422,-73.94641,04/16/2021,15:45,1,0,Failure to Yield Right-of-Way,GREENPOINT AVENUE,HUMBOLDT STREET,,BROOKLYN,1
40.761234,-73.96389,04/15/2021,8:20,0,0,Driver Inattention/Distraction,2 AVENUE,EAST 60 STREET,,MANHATTAN,0
40.668976,-73.90668,10/4/2021,19:09,0,0,Unspecified,STONE AVENUE,BELMONT AVENUE,,BROOKLYN,0
40.637276,-73.93177,04/15/2021,18:20,0,0,Unspecified,SCHENECTADY AVENUE,FARRAGUT ROAD,,BROOKLYN,0
40.788685,-73.94386,11/4/2021,1:36,0,0,Driver Inattention/Distraction,2 AVENUE,,,,0
40.87356,-73.81853,04/16/2021,22:42,0,0,Passing or Lane Usage Improper,HUTCHINSON RIVER PARKWAY,,,,0
40.795006,-73.9485,04/14/2021,23:32,1,0,Driver Inattention/Distraction,,,1618      MADISON AVENUE,MANHATTAN,1
40.820095,-73.955086,04/15/2021,8:30,1,0,Unspecified,WEST 135 STREET,,,,1
40.594334,-73.990944,04/14/2021,11:26,1,0,Driver Inattention/Distraction,BATH AVENUE,,,,1
40.666306,-73.79171,04/14/2021,11:00,0,0,Unsafe Speed,BELT PARKWAY,,,,0
40.673008,-73.97851,04/14/2021,12:37,0,0,Passing or Lane Usage Improper,,,162       GARFIELD PLACE,BROOKLYN,0
40.583626,-73.98407,04/14/2021,0:25,0,0,Unsafe Speed,BELT PARKWAY,,,,0
40.874474,-73.90031,04/14/2021,12:45,0,0,Unspecified,WEBB AVENUE,RESERVOIR AVENUE,,BRONX,0
40.633995,-73.98138,04/14/2021,14:25,1,0,Unspecified,,,1616      43 STREET,BROOKLYN,1
40.772327,-73.94531,04/14/2021,23:20,1,0,Unspecified,FDR DRIVE,,,,1
40.704937,-73.94932,04/15/2021,18:45,0,0,Other Vehicular,,,545       BROADWAY,BROOKLYN,0
40.653873,-74.008156,04/14/2021,15:34,1,0,Reaction to Uninvolved Vehicle,39 STREET,3 AVENUE,,BROOKLYN,1
40.677917,-73.93861,8/4/2021,0:00,1,0,Following Too Closely,ATLANTIC AVENUE,,,,1
40.59857,-73.9689,04/14/2021,13:20,0,0,Unspecified,,,2115      EAST 3 STREET,BROOKLYN,0
40.809563,-73.92923,04/14/2021,6:15,0,0,Unspecified,EAST 135 STREET,3 AVENUE,,,0
40.68836,-73.96444,04/16/2021,15:12,1,0,Unspecified,,,284       LAFAYETTE AVENUE,BROOKLYN,1
40.666737,-73.90224,04/14/2021,19:30,0,0,Failure to Yield Right-of-Way,JUNIUS STREET,BLAKE AVENUE,,BROOKLYN,0
40.713173,-73.90076,04/14/2021,10:30,1,0,Unspecified,FRESH POND ROAD,62 ROAD,,QUEENS,1
40.73006,-73.710754,04/15/2021,6:00,0,0,Unspecified,,,87-33     LITTLE NECK PARKWAY,QUEENS,0
40.652317,-73.92752,04/13/2021,16:20,0,0,Driver Inattention/Distraction,EAST 53 STREET,CHURCH AVENUE,,BROOKLYN,0
40.76122,-73.93056,04/15/2021,1:20,1,0,Unspecified,CRESCENT STREET,,,,1
40.588722,-73.960464,12/4/2021,18:00,0,0,Failure to Yield Right-of-Way,CONEY ISLAND AVENUE,,,,0
40.643456,-73.972725,04/14/2021,17:25,0,0,Unspecified,BEVERLEY ROAD,,,,0
40.865532,-73.86238,12/4/2021,19:45,0,0,Other Vehicular,ALLERTON AVENUE,BOSTON ROAD,,BRONX,0
40.67612,-73.936005,04/16/2021,16:46,1,0,Unspecified,TROY AVENUE,,,,1
40.620663,-74.1524,04/15/2021,9:20,1,0,Unsafe Lane Changing,RICHMOND AVENUE,ANITA STREET,,,1
40.72166,-73.888664,04/15/2021,13:30,0,0,Failure to Yield Right-of-Way,,,60-74     70 STREET,QUEENS,0
40.733723,-73.72516,04/14/2021,17:45,0,0,Unspecified,,,241-15    HILLSIDE AVENUE,QUEENS,0
40.745686,-73.97213,04/14/2021,9:30,0,0,Driver Inattention/Distraction,EAST 37 STREET,QUEENS MIDTOWN TUNNEL EXIT,,,0
40.875294,-73.9088,04/14/2021,0:00,0,0,Unspecified,,,5240      BROADWAY,BRONX,0
40.803555,-73.91184,04/15/2021,16:54,1,0,Unspecified,WILLOW AVENUE,EAST 137 STREET,,BRONX,1
40.7605,-73.95699,04/15/2021,19:20,0,0,Pavement Slippery,FDR DRIVE,,,,0
40.661995,-73.91959,04/16/2021,0:17,0,0,Unspecified,EAST 98 STREET,TAPSCOTT STREET,,,0
40.69045,-73.959435,04/16/2021,13:02,0,0,Passing Too Closely,DE KALB AVENUE,TAAFFE PLACE,,BROOKLYN,0
40.658672,-73.90019,04/16/2021,11:38,1,0,Unspecified,NEW LOTS AVENUE,JUNIUS STREET,,BROOKLYN,1
40.711227,-73.72826,04/15/2021,22:50,0,0,Unspecified,CROSS ISLAND PARKWAY,HEMPSTEAD AVENUE,,,0
40.700485,-73.93637,04/14/2021,13:07,1,0,Following Too Closely,BUSHWICK AVENUE,GARDEN STREET,,BROOKLYN,1
40.816555,-73.91755,04/14/2021,18:49,0,0,Turning Improperly,,,560       MELROSE AVENUE,BRONX,0
40.861862,-73.91282,04/15/2021,22:35,0,0,Traffic Control Disregarded,WEST FORDHAM ROAD,,,,0
40.875793,-73.85465,04/14/2021,22:20,0,0,Other Vehicular,,,3574      LACONIA AVENUE,BRONX,0
40.68657,-73.776146,04/16/2021,6:30,0,0,Unspecified,171 STREET,FOCH BOULEVARD,,QUEENS,0
40.654705,-74.00731,04/14/2021,17:30,0,0,Unspecified,,,976       3 AVENUE,BROOKLYN,0
40.637054,-73.98643,04/14/2021,9:50,1,0,Unspecified,43 STREET,14 AVENUE,,BROOKLYN,1
40.6191,-74.159615,04/16/2021,12:00,0,0,Driver Inattention/Distraction,ARLENE COURT,JULES DRIVE,,,0
40.734566,-73.72269,04/14/2021,8:00,0,0,Driver Inattention/Distraction,CROSS ISLAND PARKWAY,,,,0
40.714912,-73.94784,04/13/2021,9:35,1,0,Following Too Closely,LEONARD STREET,CONSELYEA STREET,,BROOKLYN,1
40.74734,-73.88673,04/14/2021,6:10,0,0,Pedestrian/Bicyclist/Other Pedestrian Error/Confusion,ROOSEVELT AVENUE,79 STREET,,QUEENS,0
40.6963,-73.97545,04/16/2021,18:18,0,0,Driver Inattention/Distraction,PARK AVENUE,NORTH OXFORD STREET,,BROOKLYN,0
40.63598,-73.915146,04/16/2021,9:40,1,0,Unspecified,,,756       EAST 79 STREET,BROOKLYN,1
40.724358,-73.742516,04/14/2021,12:00,1,0,Traffic Control Disregarded,91 AVENUE,218 STREET,,QUEENS,1
40.586277,-73.9862,04/16/2016,14:20,0,0,Driver Inattention/Distraction,WEST 17 STREET,BAY 50 STREET,,BROOKLYN,0
40.671932,-73.85165,04/16/2021,1:30,0,0,Unsafe Lane Changing,NORTH CONDUIT AVENUE,,,,0
40.650703,-73.920586,10/4/2021,23:05,0,0,Driver Inattention/Distraction,RALPH AVENUE,SNYDER AVENUE,,BROOKLYN,0
40.61378,-74.07225,04/16/2021,6:49,0,0,Passing Too Closely,,,490       TOMPKINS AVENUE,STATEN ISLAND,0
40.727375,-73.90313,04/15/2021,22:15,0,0,Unsafe Speed,54 AVENUE,63 STREET,,QUEENS,0
40.573204,-74.09711,04/14/2021,15:10,0,0,Traffic Control Disregarded,LINCOLN AVENUE,KISWICK STREET,,STATEN ISLAND,0
40.671604,-73.86907,04/15/2021,13:30,0,0,Unspecified,BLAKE AVENUE,,,,0
40.740276,-73.92782,04/15/2021,16:50,0,0,Driver Inattention/Distraction,38 STREET,48 AVENUE,,QUEENS,0
40.684,-73.95031,6/4/2021,15:02,0,0,Passing Too Closely,PUTNAM AVENUE,NOSTRAND AVENUE,,BROOKLYN,0
40.704494,-73.81743,04/15/2021,15:00,1,0,Following Too Closely,VAN WYCK EXPWY,,,,1
40.845642,-73.90211,04/16/2021,6:50,0,0,Unsafe Lane Changing,WEBSTER AVENUE,,,,0
40.82681,-73.85361,04/15/2021,5:36,0,0,Following Too Closely,BRUCKNER EXPRESSWAY,,,,0
40.681168,-73.92941,6/4/2021,21:30,0,0,Passing Too Closely,,,203       BAINBRIDGE STREET,BROOKLYN,0
40.64739,-73.92314,9/4/2021,20:00,0,0,Unspecified,,,348       EAST 57 STREET,BROOKLYN,0
40.687138,-73.75136,04/15/2021,8:30,1,0,Failure to Yield Right-of-Way,122 AVENUE,197 STREET,,,1
40.865143,-73.87204,04/15/2021,9:09,0,0,Unspecified,BRONX RIVER PARKWAY,,,,0
40.866673,-73.90896,04/14/2021,22:50,2,0,Driver Inattention/Distraction,MAJOR DEEGAN EXPRESSWAY,,,,2
40.72313,-73.90614,10/4/2021,18:50,0,0,Unspecified,,,60-15     MASPETH AVENUE,QUEENS,0
40.674934,-73.80186,04/15/2021,14:46,0,0,Unspecified,VAN WYCK EXPWY,,,,0
40.708363,-73.92401,04/15/2021,11:10,0,0,Driver Inattention/Distraction,INGRAHAM STREET,GARDNER AVENUE,,BROOKLYN,0
40.739525,-73.92512,04/16/2021,11:20,0,0,Driver Inattention/Distraction,GREENPOINT AVENUE,40 STREET,,QUEENS,0
40.637997,-74.02136,04/14/2021,18:04,2,0,Unspecified,65 STREET,4 AVENUE,,,2
40.750965,-73.94027,04/14/2021,21:40,1,0,Driver Inattention/Distraction,QUEENS PLAZA NORTH,CRESCENT STREET,,,1
40.671585,-73.99843,04/15/2020,15:20,0,0,Driver Inattention/Distraction,GOWANUS EXPY (BQE),,,,0
40.694294,-73.74868,04/15/2021,16:10,3,0,Unspecified,118 AVENUE,203 STREET,,QUEENS,3
40.810173,-73.95117,8/4/2021,17:25,1,0,Pedestrian/Bicyclist/Other Pedestrian Error/Confusion,WEST 125 STREET,,,,1
40.694748,-73.73427,04/16/2021,9:29,1,0,Driver Inattention/Distraction,,,116-18    226 STREET,QUEENS,1
40.687103,-73.89251,04/14/2021,19:30,0,0,Driverless/Runaway Vehicle,JACKIE ROBINSON PKWY,,,,0
0.0,0.0,04/14/2021,15:00,0,0,Driver Inattention/Distraction,GERALD COURT,EAST 7 STREET,,BROOKLYN,0
40.861744,-73.911804,04/14/2021,3:04,0,0,Unsafe Speed,WEST FORDHAM ROAD,,,,0
40.741074,-73.7258,04/15/2021,19:45,0,0,Unspecified,CROSS ISLAND PARKWAY,UNION TURNPIKE,,,0
40.67875,-73.794,04/13/2021,8:24,1,0,Traffic Control Disregarded,119 AVENUE,146 STREET,,QUEENS,1
40.666943,-73.890144,04/14/2021,13:16,0,0,Driver Inattention/Distraction,,,775       DUMONT AVENUE,BROOKLYN,0
40.6635,-73.94276,04/16/2021,8:30,0,0,Unspecified,,,451       KINGSTON AVENUE,BROOKLYN,0
40.850304,-73.85137,9/7/2021,14:19,1,0,Failure to Yield Right-of-Way,WILLIAMSBRIDGE ROAD,MORRIS PARK AVENUE,,BRONX,1
40.827824,-73.91934,04/16/2021,20:17,1,0,Failure to Yield Right-of-Way,SHERMAN AVENUE,EAST 163 STREET,,BRONX,1
40.575832,-74.12409,04/15/2021,16:08,1,0,Driver Inexperience,RICHMOND ROAD,SUMMIT AVENUE,,STATEN ISLAND,1
40.730366,-73.91388,04/14/2021,10:00,0,0,Unspecified,LONG ISLAND EXPRESSWAY,,,,0
40.640945,-73.94852,04/15/2021,17:47,0,0,Unspecified,AVENUE D,NOSTRAND AVENUE,,BROOKLYN,0
40.784237,-73.947075,04/15/2021,12:00,0,0,Driver Inattention/Distraction,EAST 96 STREET,,,,0
40.76803,-73.87722,04/15/2021,20:29,1,0,Failure to Yield Right-of-Way,23 AVENUE,93 STREET,,QUEENS,1
40.669823,-73.90981,04/14/2021,13:06,0,0,Unspecified,PITKIN AVENUE,THATFORD AVENUE,,BROOKLYN,0
40.659336,-73.92726,10/4/2021,16:28,0,0,Driver Inattention/Distraction,REMSEN AVENUE,,,,0
40.616093,-74.14523,04/16/2021,4:00,1,0,Driver Inattention/Distraction,,,323       STEWART AVENUE,,1
40.763546,-73.88209,04/16/2021,20:59,0,0,Turning Improperly,87 STREET,25 AVENUE,,QUEENS,0
40.637234,-73.97266,04/15/2021,22:27,0,0,Unspecified,,,465       OCEAN PARKWAY,BROOKLYN,0
40.62614,-74.14276,04/15/2021,19:00,0,0,Driver Inattention/Distraction,,,702       PORT RICHMOND AVENUE,,0
40.638313,-73.95751,04/16/2021,7:30,0,0,Unspecified,,,2110      NEWKIRK AVENUE,BROOKLYN,0
40.651352,-73.89275,04/16/2021,9:35,2,0,Unsafe Speed,GLENWOOD ROAD,WILLIAMS AVENUE,,BROOKLYN,2
40.696564,-73.79125,04/15/2021,0:08,1,0,Aggressive Driving/Road Rage,BREWER BOULEVARD,108 AVENUE,,QUEENS,1
40.72728,-73.97906,04/15/2021,17:30,0,0,Unspecified,,,604       EAST 11 STREET,MANHATTAN,0
40.67816,-73.897484,04/16/2021,2:12,0,0,Passing or Lane Usage Improper,PENNSYLVANIA AVENUE,JAMAICA AVENUE,,BROOKLYN,0
40.905174,-73.85417,04/13/2021,16:49,2,0,Failure to Yield Right-of-Way,EAST 241 STREET,BULLARD AVENUE,,BRONX,2
40.810387,-73.91521,11/9/2021,21:00,1,0,Failure to Yield Right-of-Way,SAINT ANNS AVENUE,SAINT MARYS STREET,,BRONX,1
40.754044,-73.990074,04/14/2021,15:00,0,0,Driver Inattention/Distraction,,,242       WEST 38 STREET,MANHATTAN,0
40.755234,-73.941246,04/14/2021,20:25,1,0,Passing or Lane Usage Improper,21 STREET,,,,1
40.708675,-73.93699,10/4/2021,13:45,0,0,Driver Inattention/Distraction,WATERBURY STREET,MESEROLE STREET,,BROOKLYN,0
40.65103,-73.93032,04/16/2021,18:45,0,0,Traffic Control Disregarded,,,902       UTICA AVENUE,BROOKLYN,0
40.645985,-74.00723,04/14/2021,0:00,0,0,Passing Too Closely,,,565       47 STREET,BROOKLYN,0
40.794773,-73.816185,04/15/2021,15:05,2,0,Failure to Yield Right-of-Way,150 STREET,7 AVENUE,,QUEENS,2
40.845467,-73.940475,04/16/2021,21:04,0,0,Driver Inattention/Distraction,,,306       FORT WASHINGTON AVENUE,MANHATTAN,0
40.643875,-74.01887,04/16/2021,0:00,0,0,Unspecified,3 AVENUE,,,,0
40.658947,-73.73472,04/14/2021,8:20,0,0,Following Too Closely,,,144-26    WELLER LANE,QUEENS,0
40.69168,-73.999344,04/15/2021,15:45,0,0,Following Too Closely,BROOKLYN QUEENS EXPRESSWAY,,,,0
40.59727,-73.99868,04/15/2021,18:23,0,0,Driver Inattention/Distraction,BAY PARKWAY,CROPSEY AVENUE,,BROOKLYN,0
40.878155,-73.84005,04/14/2021,21:20,0,0,Traffic Control Disregarded,ELY AVENUE,TILLOTSON AVENUE,,BRONX,0
40.696983,-73.935234,2/4/2021,22:20,1,0,Unspecified,MYRTLE AVENUE,BROADWAY,,BROOKLYN,1
40.821075,-73.882126,04/14/2021,16:00,0,0,Unspecified,,,1421      STORY AVENUE,BRONX,0
40.88765,-73.84167,04/14/2021,11:00,0,0,Unspecified,,,3865      BAYCHESTER AVENUE,BRONX,0
40.687843,-73.82005,04/14/2021,8:45,0,0,Passing or Lane Usage Improper,,,124-09    LIBERTY AVENUE,QUEENS,0
40.673252,-73.87773,04/14/2021,22:32,2,0,Driver Inattention/Distraction,BELMONT AVENUE,MONTAUK AVENUE,,BROOKLYN,2
40.6699,-73.95116,04/14/2021,11:00,0,0,Unspecified,,,527       EASTERN PARKWAY,BROOKLYN,0
40.667683,-73.99608,04/16/2021,15:04,2,0,Following Too Closely,GOWANUS EXPY (BQE),,,,2
40.63529,-73.958206,04/14/2021,18:10,0,0,Unspecified,FARRAGUT ROAD,OCEAN AVENUE,,BROOKLYN,0
40.71772,-73.96202,04/13/2021,13:00,0,0,Unspecified,,,76        NORTH 4 STREET,BROOKLYN,0
40.857605,-73.93778,04/16/2021,15:20,4,0,Other Vehicular,HENRY HUDSON PARKWAY,,,,4
40.7491,-73.984085,04/16/2021,18:25,0,0,Traffic Control Disregarded,WEST 35 STREET,,,,0
40.71493,-73.79316,04/15/2021,17:03,1,0,Driver Inattention/Distraction,KINGSTON PLACE,HOME LAWN STREET,,QUEENS,1
40.721985,-73.98552,04/16/2021,8:40,0,0,Passing Too Closely,NORFOLK STREET,,,,0
40.5843,-74.16492,8/9/2021,18:00,0,0,Failure to Yield Right-of-Way,,,112       RICHMOND HILL ROAD,,0
40.67983,-73.9583,04/16/2021,15:00,0,0,Backing Unsafely,ATLANTIC AVENUE,,,,0
40.730198,-73.954254,04/15/2021,14:54,0,0,Driver Inattention/Distraction,GREENPOINT AVENUE,MANHATTAN AVENUE,,BROOKLYN,0
40.821117,-73.957466,04/15/2021,9:30,0,0,Unspecified,WEST 135 STREET,,,,0
40.849167,-73.92393,04/14/2021,23:26,0,0,Unsafe Speed,MAJOR DEEGAN EXPRESSWAY,,,,0
40.579826,-73.97622,04/13/2021,17:20,0,0,Driver Inattention/Distraction,NEPTUNE AVENUE,,,,0
40.681335,-73.97667,04/15/2021,16:20,1,0,Other Vehicular,,,440       BERGEN STREET,BROOKLYN,1
40.756725,-73.96,04/15/2021,7:34,0,0,Reaction to Uninvolved Vehicle,FDR DRIVE,,,,0
40.756557,-73.87594,04/14/2021,2:10,0,0,Alcohol Involvement,,,92-15     NORTHERN BOULEVARD,QUEENS,0
40.67792,-73.9182,04/15/2021,15:30,0,0,Driver Inattention/Distraction,DEWEY PLACE,HERKIMER STREET,,BROOKLYN,0
40.607876,-73.92554,04/14/2021,7:44,0,0,Turning Improperly,AVENUE U,RYDER STREET,,BROOKLYN,0
40.607643,-74.03375,04/16/2021,15:16,0,0,Following Too Closely,BELT PARKWAY,,,,0
40.540188,-74.149,04/15/2021,13:45,0,0,Passing or Lane Usage Improper,OSBORNE AVENUE,RUSSELL STREET,,STATEN ISLAND,0
40.616306,-74.03348,04/15/2021,0:00,0,0,Driver Inattention/Distraction,,,305       96 STREET,BROOKLYN,0
40.583874,-73.823044,04/13/2021,14:44,1,0,Turning Improperly,ROCKAWAY BEACH BOULEVARD,BEACH 102 STREET,,,1
40.877827,-73.879585,04/14/2021,9:30,0,0,Unsafe Lane Changing,BAINBRIDGE AVENUE,EAST 208 STREET,,BRONX,0
40.714554,-73.83147,04/14/2021,13:20,1,0,Following Too Closely,QUEENS BOULEVARD,,,,1
40.763668,-73.82303,04/15/2021,16:00,0,0,Passing or Lane Usage Improper,37 AVENUE,,,,0
40.705246,-73.95908,04/16/2021,16:25,0,0,Driver Inattention/Distraction,BROOKLYN QUEENS EXPRESSWAY,,,,0
40.77451,-73.838036,04/15/2021,15:45,0,0,Following Too Closely,ULMER STREET,26 AVENUE,,QUEENS,0
40.768482,-73.95255,9/9/2021,16:45,1,0,Driver Inattention/Distraction,,,1400      YORK AVENUE,MANHATTAN,1
40.797405,-73.942535,8/4/2021,13:25,0,0,Driver Inattention/Distraction,,,1844      LEXINGTON AVENUE,MANHATTAN,0
40.74058,-73.978935,1/4/2021,15:10,0,0,Driver Inattention/Distraction,,,484       2 AVENUE,MANHATTAN,0
40.829723,-73.8981,04/14/2021,12:12,1,0,Unspecified,,,823       EAST 169 STREET,BRONX,1
40.7406,-73.81025,5/4/2021,9:15,1,0,Backing Unsafely,PARSONS BOULEVARD,59 AVENUE,,QUEENS,1
40.71363,-73.917885,04/16/2021,16:20,0,0,Backing Unsafely,,,49-29     METROPOLITAN AVENUE,QUEENS,0
40.647594,-73.97351,04/15/2021,9:00,1,0,Unspecified,CATON AVENUE,EAST 7 STREET,,BROOKLYN,1
40.760403,-73.98748,08/28/2021,18:00,0,0,Unspecified,8 AVENUE,,,,0
40.71975,-73.992165,10/4/2021,11:15,1,0,Driver Inattention/Distraction,FORSYTH STREET,DELANCEY STREET,,MANHATTAN,1
40.834503,-73.93037,04/13/2021,13:40,0,0,Unspecified,UNIVERSITY AVENUE,,,,0
40.63115,-74.076454,04/15/2021,15:34,1,0,Failure to Yield Right-of-Way,,,450       BAY STREET,STATEN ISLAND,1
40.835724,-73.92129,10/4/2021,8:50,0,0,Following Too Closely,EAST 167 STREET,,,,0
40.6354,-74.106674,04/15/2021,12:15,0,0,Unspecified,,,355       BARD AVENUE,STATEN ISLAND,0
40.781647,-73.833664,7/4/2021,14:30,0,0,Driver Inattention/Distraction,,,135-02    20 AVENUE,QUEENS,0
40.68837,-73.98056,04/14/2021,5:39,3,0,Driver Inattention/Distraction,,,9         FLATBUSH AVENUE,BROOKLYN,3
40.790417,-73.95184,04/16/2021,22:00,0,0,Other Vehicular,MADISON AVENUE,EAST 101 STREET,,MANHATTAN,0
40.6481,-73.91474,04/15/2021,20:00,0,0,Driver Inattention/Distraction,REMSEN AVENUE,DITMAS AVENUE,,BROOKLYN,0
40.71275,-73.7673,04/16/2021,14:00,0,0,Driver Inattention/Distraction,,,91-48     193 STREET,QUEENS,0
40.60069,-74.010056,04/14/2021,8:45,0,0,Traffic Control Disregarded,BELT PARKWAY,,,,0
40.738068,-73.861046,04/14/2021,17:00,0,0,Driver Inattention/Distraction,,,98-32     57 AVENUE,QUEENS,0
40.680496,-73.821365,04/15/2021,23:09,0,0,Passing Too Closely,LEFFERTS BOULEVARD,111 AVENUE,,QUEENS,0
40.61924,-73.954124,04/16/2021,15:32,0,0,Failure to Yield Right-of-Way,,,1406      EAST 21 STREET,BROOKLYN,0
40.629105,-74.034645,04/16/2021,22:45,0,0,Unspecified,80 STREET,COLONIAL ROAD,,BROOKLYN,0
40.699818,-73.920135,04/14/2021,11:40,0,0,Passing Too Closely,KNICKERBOCKER AVENUE,HIMROD STREET,,BROOKLYN,0
40.69802,-73.7623,04/14/2021,10:10,1,0,Driver Inattention/Distraction,MURDOCK AVENUE,FARMERS BOULEVARD,,QUEENS,1
40.62893,-73.971375,04/16/2021,12:30,0,0,Unspecified,OCEAN PARKWAY,AVENUE H,,BROOKLYN,0
40.831177,-73.942085,04/16/2021,16:15,0,0,Driver Inattention/Distraction,,,460       WEST 155 STREET,MANHATTAN,0
40.675037,-73.930534,2/4/2021,18:00,0,0,Passing or Lane Usage Improper,BERGEN STREET,UTICA AVENUE,,BROOKLYN,0
40.64884,-73.95102,04/14/2021,19:01,0,0,Driver Inattention/Distraction,,,2820      SNYDER AVENUE,BROOKLYN,0
40.757725,-73.779274,11/9/2021,13:30,0,0,Driver Inattention/Distraction,NORTHERN BOULEVARD,204 STREET,,QUEENS,0
40.766586,-73.9531,04/15/2021,10:13,0,0,Passing Too Closely,,,525       EAST 72 STREET,MANHATTAN,0
40.833126,-73.828285,04/14/2021,9:40,0,0,Unspecified,BRUCKNER EXPRESSWAY,EAST TREMONT AVENUE,,BRONX,0
